{"type": "FeatureCollection", "features": [{"type": "Feature", "geometry": {"type": "Point", "coordinates": [83.982227, 21.839759]}, "properties": {"facility_id": "P100001045296", "facility_type": "steel", "facility_name": "Action Ispat and Power Jharsuguda steel plant", "country": "India", "status": null, "capacity": null, "coordinate_accuracy": "exact"}}, {"type": "Feature", "geometry": {"type": "Point", "coordinates": [84.763584, 22.308371]}, "properties": {"facility_id": "P100001025815", "facility_type": "steel", "facility_name": "Adhunik Metaliks Kuanrmunda steel plant", "country": "India", "status": null, "capacity": null, "coordinate_accuracy": "exact"}}, {"type": "Feature", "geometry": {"type": "Point", "coordinates": [76.918417, 15.139498]}, "properties": {"facility_id": "P100000120532", "facility_type": "steel", "facility_name": "ArcelorMittal Bellary steel plant", "country": "India", "status": null, "capacity": null, "coordinate_accuracy": "approximate"}}, {"type": "Feature", "geometry": {"type": "Point", "coordinates": [82.723183, 17.407103]}, "properties": {"facility_id": "P100001025671", "facility_type": "steel", "facility_name": "ArcelorMittal Nippon Steel Anakapalle steel plant", "country": "India", "status": null, "capacity": null, "coordinate_accuracy": "approximate"}}, {"type": "Feature", "geometry": {"type": "Point", "coordinates": [79.987119, 20.168486]}, "properties": {"facility_id": "P100001025669", "facility_type": "steel", "facility_name": "ArcelorMittal Nippon Steel Gadchiroli steel plant", "country": "India", "status": null, "capacity": null, "coordinate_accuracy": "approximate"}}, {"type": "Feature", "geometry": {"type": "Point", "coordinates": [72.647304, 21.112377]}, "properties": {"facility_id": "P100000120513", "facility_type": "steel", "facility_name": "ArcelorMittal Nippon Steel Hazira plant", "country": "India", "status": null, "capacity": null, "coordinate_accuracy": "exact"}}, {"type": "Feature", "geometry": {"type": "Point", "coordinates": [86.282806, 20.71042]}, "properties": {"facility_id": "P100000120573", "facility_type": "steel", "facility_name": "ArcelorMittal Nippon Steel Kendrapara plant", "country": "India", "status": null, "capacity": null, "coordinate_accuracy": "approximate"}}, {"type": "Feature", "geometry": {"type": "Point", "coordinates": [86.658266, 20.284771]}, "properties": {"facility_id": "P100000121178", "facility_type": "steel", "facility_name": "ArcelorMittal Nippon Steel Paradip plant", "country": "India", "status": null, "capacity": null, "coordinate_accuracy": "approximate"}}, {"type": "Feature", "geometry": {"type": "Point", "coordinates": [78.048425, 14.873471]}, "properties": {"facility_id": "P100000120568", "facility_type": "steel", "facility_name": "Arjas Steel Tadipatri plant", "country": "India", "status": null, "capacity": null, "coordinate_accuracy": "exact"}}, {"type": "Feature", "geometry": {"type": "Point", "coordinates": [86.334999, 24.145239]}, "properties": {"facility_id": "P100000120564", "facility_type": "steel", "facility_name": "Atibir Industries Bhorandiha steel plant", "country": "India", "status": null, "capacity": null, "coordinate_accuracy": "exact"}}, {"type": "Feature", "geometry": {"type": "Point", "coordinates": [76.206778, 15.332616]}, "properties": {"facility_id": "P100001023581", "facility_type": "steel", "facility_name": "Baldota Koppal steel plant", "country": "India", "status": null, "capacity": null, "coordinate_accuracy": "exact"}}, {"type": "Feature", "geometry": {"type": "Point", "coordinates": [79.71792, 20.088919]}, "properties": {"facility_id": "P100001062088", "facility_type": "steel", "facility_name": "Bhagyalaxmi Metals Mul steel plant", "country": "India", "status": null, "capacity": null, "coordinate_accuracy": "exact"}}, {"type": "Feature", "geometry": {"type": "Point", "coordinates": [76.37971, 15.16972]}, "properties": {"facility_id": "P100000120512", "facility_type": "steel", "facility_name": "BMM Ispat Danapur steel plant", "country": "India", "status": null, "capacity": null, "coordinate_accuracy": "exact"}}, {"type": "Feature", "geometry": {"type": "Point", "coordinates": [83.374089, 21.926993]}, "properties": {"facility_id": "P100001061667", "facility_type": "steel", "facility_name": "BPA Metallics Raigarh steel plant", "country": "India", "status": null, "capacity": null, "coordinate_accuracy": "approximate"}}, {"type": "Feature", "geometry": {"type": "Point", "coordinates": [86.83591234561024, 23.782149607591688]}, "properties": {"facility_id": "P100001082544", "facility_type": "steel", "facility_name": "Captain Steel Debipur steel plant", "country": "India", "status": null, "capacity": null, "coordinate_accuracy": "exact"}}, {"type": "Feature", "geometry": {"type": "Point", "coordinates": [87.345018, 22.855859]}, "properties": {"facility_id": "P100001023577", "facility_type": "steel", "facility_name": "Captain Steel Garbeta steel plant", "country": "India", "status": null, "capacity": null, "coordinate_accuracy": "approximate"}}, {"type": "Feature", "geometry": {"type": "Point", "coordinates": [81.19922, 21.190313]}, "properties": {"facility_id": "P100001045282", "facility_type": "steel", "facility_name": "Crest Steel and Power Mangatta steel plant", "country": "India", "status": null, "capacity": null, "coordinate_accuracy": "exact"}}, {"type": "Feature", "geometry": {"type": "Point", "coordinates": [86.293671, 23.632907]}, "properties": {"facility_id": "P100000120534", "facility_type": "steel", "facility_name": "Electrosteel Bokaro steel plant", "country": "India", "status": null, "capacity": null, "coordinate_accuracy": "exact"}}, {"type": "Feature", "geometry": {"type": "Point", "coordinates": [79.630588, 13.717188]}, "properties": {"facility_id": "P100000121207", "facility_type": "steel", "facility_name": "Electrosteel Castings Srikalahasthi steel plant", "country": "India", "status": null, "capacity": null, "coordinate_accuracy": "exact"}}, {"type": "Feature", "geometry": {"type": "Point", "coordinates": [78.620293, 20.704605]}, "properties": {"facility_id": "P100000121195", "facility_type": "steel", "facility_name": "Evonith Metallics Wardha steel plant", "country": "India", "status": null, "capacity": null, "coordinate_accuracy": "exact"}}, {"type": "Feature", "geometry": {"type": "Point", "coordinates": [78.638548, 20.696412]}, "properties": {"facility_id": "P100000121236", "facility_type": "steel", "facility_name": "Evonith Value Steel Wardha steel plant", "country": "India", "status": null, "capacity": null, "coordinate_accuracy": "exact"}}, {"type": "Feature", "geometry": {"type": "Point", "coordinates": [83.199086, 26.757009]}, "properties": {"facility_id": "P100001045317", "facility_type": "steel", "facility_name": "Gallantt Ispat Gorakhpur steel plant", "country": "India", "status": null, "capacity": null, "coordinate_accuracy": "exact"}}, {"type": "Feature", "geometry": {"type": "Point", "coordinates": [81.739447, 21.565032]}, "properties": {"facility_id": "P100000121216", "facility_type": "steel", "facility_name": "Godawari Power and Ispat Sarora steel plant", "country": "India", "status": null, "capacity": null, "coordinate_accuracy": "exact"}}, {"type": "Feature", "geometry": {"type": "Point", "coordinates": [81.681888, 21.376214]}, "properties": {"facility_id": "P100000120557", "facility_type": "steel", "facility_name": "Godawari Power and Ispat Siltara steel plant", "country": "India", "status": null, "capacity": null, "coordinate_accuracy": "exact"}}, {"type": "Feature", "geometry": {"type": "Point", "coordinates": [76.251696, 15.339055]}, "properties": {"facility_id": "P100000120552", "facility_type": "steel", "facility_name": "Hospet Steels Hospet plant", "country": "India", "status": null, "capacity": null, "coordinate_accuracy": "exact"}}, {"type": "Feature", "geometry": {"type": "Point", "coordinates": [87.352189, 23.483075]}, "properties": {"facility_id": "P100000120560", "facility_type": "steel", "facility_name": "Jai Balaji Durgapur Unit IV steel plant", "country": "India", "status": null, "capacity": null, "coordinate_accuracy": "exact"}}, {"type": "Feature", "geometry": {"type": "Point", "coordinates": [84.86184, 22.085338]}, "properties": {"facility_id": "P100000120562", "facility_type": "steel", "facility_name": "Jai Balaji Jyoti Steels Sundargarh plant", "country": "India", "status": null, "capacity": null, "coordinate_accuracy": "exact"}}, {"type": "Feature", "geometry": {"type": "Point", "coordinates": [87.369494, 23.487439]}, "properties": {"facility_id": "P100001025922", "facility_type": "steel", "facility_name": "Jai Balaji Rajbandh Unit III steel plant", "country": "India", "status": null, "capacity": null, "coordinate_accuracy": "exact"}}, {"type": "Feature", "geometry": {"type": "Point", "coordinates": [81.676444, 21.354495]}, "properties": {"facility_id": "P100000120547", "facility_type": "steel", "facility_name": "Jayaswal Neco Industries Raipur steel plant", "country": "India", "status": null, "capacity": null, "coordinate_accuracy": "exact"}}, {"type": "Feature", "geometry": {"type": "Point", "coordinates": [75.773075, 29.127253]}, "properties": {"facility_id": "P100000120544", "facility_type": "steel", "facility_name": "Jindal Stainless Hisar steel plant", "country": "India", "status": null, "capacity": null, "coordinate_accuracy": "exact"}}, {"type": "Feature", "geometry": {"type": "Point", "coordinates": [86.051986, 20.954939]}, "properties": {"facility_id": "P100000120543", "facility_type": "steel", "facility_name": "Jindal Stainless Jajpur steel plant", "country": "India", "status": null, "capacity": null, "coordinate_accuracy": "exact"}}, {"type": "Feature", "geometry": {"type": "Point", "coordinates": [72.976623, 19.314475]}, "properties": {"facility_id": "P100001061405", "facility_type": "steel", "facility_name": "Jindal Stainless Maharashtra steel plant", "country": "India", "status": null, "capacity": null, "coordinate_accuracy": "approximate"}}, {"type": "Feature", "geometry": {"type": "Point", "coordinates": [84.991539, 20.884896]}, "properties": {"facility_id": "P100000120515", "facility_type": "steel", "facility_name": "Jindal Steel Angul steel plant", "country": "India", "status": null, "capacity": null, "coordinate_accuracy": "exact"}}, {"type": "Feature", "geometry": {"type": "Point", "coordinates": [87.438728, 24.131037]}, "properties": {"facility_id": "P100000121173", "facility_type": "steel", "facility_name": "Jindal Steel Asanboni steel plant", "country": "India", "status": null, "capacity": null, "coordinate_accuracy": "approximate"}}, {"type": "Feature", "geometry": {"type": "Point", "coordinates": [83.376759, 21.895041]}, "properties": {"facility_id": "P100001062086", "facility_type": "steel", "facility_name": "Jindal Steel Chhattisgarh steel plant", "country": "India", "status": null, "capacity": null, "coordinate_accuracy": "approximate"}}, {"type": "Feature", "geometry": {"type": "Point", "coordinates": [80.108702, 14.254675]}, "properties": {"facility_id": "P100000121034", "facility_type": "steel", "facility_name": "Jindal Steel Krishnapatnam steel plant", "country": "India", "status": null, "capacity": null, "coordinate_accuracy": "approximate"}}, {"type": "Feature", "geometry": {"type": "Point", "coordinates": [85.325308, 23.632991]}, "properties": {"facility_id": "P100000120542", "facility_type": "steel", "facility_name": "Jindal Steel Patratu steel plant", "country": "India", "status": null, "capacity": null, "coordinate_accuracy": "exact"}}, {"type": "Feature", "geometry": {"type": "Point", "coordinates": [83.347178, 21.922703]}, "properties": {"facility_id": "P100000120516", "facility_type": "steel", "facility_name": "Jindal Steel Raigarh steel plant", "country": "India", "status": null, "capacity": null, "coordinate_accuracy": "exact"}}, {"type": "Feature", "geometry": {"type": "Point", "coordinates": [84.944082, 20.874713]}, "properties": {"facility_id": "P100001044907", "facility_type": "steel", "facility_name": "JSOL Angul steel plant", "country": "India", "status": null, "capacity": null, "coordinate_accuracy": "exact"}}, {"type": "Feature", "geometry": {"type": "Point", "coordinates": [87.310258, 22.575726]}, "properties": {"facility_id": "P100000120521", "facility_type": "steel", "facility_name": "JSW Bengal Steel Salboni plant", "country": "India", "status": null, "capacity": null, "coordinate_accuracy": "approximate"}}, {"type": "Feature", "geometry": {"type": "Point", "coordinates": [85.64622, 22.665526]}, "properties": {"facility_id": "P100000120537", "facility_type": "steel", "facility_name": "JSW BPSL Jharkhand steel plant", "country": "India", "status": null, "capacity": null, "coordinate_accuracy": "approximate"}}, {"type": "Feature", "geometry": {"type": "Point", "coordinates": [84.022529, 21.763989]}, "properties": {"facility_id": "P100000120510", "facility_type": "steel", "facility_name": "JSW BPSL Jharsuguda steel plant", "country": "India", "status": null, "capacity": null, "coordinate_accuracy": "exact"}}, {"type": "Feature", "geometry": {"type": "Point", "coordinates": [72.947091, 18.530853]}, "properties": {"facility_id": "P100000120570", "facility_type": "steel", "facility_name": "JSW Green Steel Salav plant", "country": "India", "status": null, "capacity": null, "coordinate_accuracy": "exact"}}, {"type": "Feature", "geometry": {"type": "Point", "coordinates": [86.156416, 20.248632]}, "properties": {"facility_id": "P100001023560", "facility_type": "steel", "facility_name": "JSW POSCO Keonjhar steel plant", "country": "India", "status": null, "capacity": null, "coordinate_accuracy": "approximate"}}, {"type": "Feature", "geometry": {"type": "Point", "coordinates": [78.403263, 14.76855]}, "properties": {"facility_id": "P100000121039", "facility_type": "steel", "facility_name": "JSW Rayalseema steel plant", "country": "India", "status": null, "capacity": null, "coordinate_accuracy": "exact"}}, {"type": "Feature", "geometry": {"type": "Point", "coordinates": [73.035902, 18.690312]}, "properties": {"facility_id": "P100000120517", "facility_type": "steel", "facility_name": "JSW Steel Dolvi steel plant", "country": "India", "status": null, "capacity": null, "coordinate_accuracy": "exact"}}, {"type": "Feature", "geometry": {"type": "Point", "coordinates": [79.9957641, 20.1846793]}, "properties": {"facility_id": "P100001045504", "facility_type": "steel", "facility_name": "JSW Steel Gadchiroli steel plant", "country": "India", "status": null, "capacity": null, "coordinate_accuracy": "approximate"}}, {"type": "Feature", "geometry": {"type": "Point", "coordinates": [85.715097, 23.188108]}, "properties": {"facility_id": "P100000120520", "facility_type": "steel", "facility_name": "JSW Steel Jharkhand steel plant", "country": "India", "status": null, "capacity": null, "coordinate_accuracy": "approximate"}}, {"type": "Feature", "geometry": {"type": "Point", "coordinates": [83.238133, 21.983709]}, "properties": {"facility_id": "P100000120536", "facility_type": "steel", "facility_name": "JSW Steel Raigarh steel plant", "country": "India", "status": null, "capacity": null, "coordinate_accuracy": "exact"}}, {"type": "Feature", "geometry": {"type": "Point", "coordinates": [77.918465, 11.814912]}, "properties": {"facility_id": "P100000120518", "facility_type": "steel", "facility_name": "JSW Steel Salem steel plant", "country": "India", "status": null, "capacity": null, "coordinate_accuracy": "exact"}}, {"type": "Feature", "geometry": {"type": "Point", "coordinates": [76.663134, 15.180423]}, "properties": {"facility_id": "P100000120519", "facility_type": "steel", "facility_name": "JSW Steel Vijayanagar steel plant", "country": "India", "status": null, "capacity": null, "coordinate_accuracy": "exact"}}, {"type": "Feature", "geometry": {"type": "Point", "coordinates": [86.55, 20.216667]}, "properties": {"facility_id": "P100000120539", "facility_type": "steel", "facility_name": "JSW Utkal Steel Rajnagar plant", "country": "India", "status": null, "capacity": null, "coordinate_accuracy": "approximate"}}, {"type": "Feature", "geometry": {"type": "Point", "coordinates": [76.659122, 15.203176]}, "properties": {"facility_id": "P100000120538", "facility_type": "steel", "facility_name": "JSW Vijayanagar Metallics steel plant", "country": "India", "status": null, "capacity": null, "coordinate_accuracy": "approximate"}}, {"type": "Feature", "geometry": {"type": "Point", "coordinates": [85.594653, 20.601819]}, "properties": {"facility_id": "P100001025631", "facility_type": "steel", "facility_name": "Kalyani Steels Dhenkanal steel plant", "country": "India", "status": null, "capacity": null, "coordinate_accuracy": "approximate"}}, {"type": "Feature", "geometry": {"type": "Point", "coordinates": [75.817553, 19.874223]}, "properties": {"facility_id": "P100001062093", "facility_type": "steel", "facility_name": "Kapila Metals Jalna steel plant", "country": "India", "status": null, "capacity": null, "coordinate_accuracy": "exact"}}, {"type": "Feature", "geometry": {"type": "Point", "coordinates": [87.277914, 23.507539]}, "properties": {"facility_id": "P100001045284", "facility_type": "steel", "facility_name": "KIC Metaliks Durgapur steel plant", "country": "India", "status": null, "capacity": null, "coordinate_accuracy": "exact"}}, {"type": "Feature", "geometry": {"type": "Point", "coordinates": [79.119344, 19.929837]}, "properties": {"facility_id": "P100000120522", "facility_type": "steel", "facility_name": "Lloyds Metals and Energy Ltd Ghugus steel plant", "country": "India", "status": null, "capacity": null, "coordinate_accuracy": "exact"}}, {"type": "Feature", "geometry": {"type": "Point", "coordinates": [79.813599, 19.770409]}, "properties": {"facility_id": "P100000121179", "facility_type": "steel", "facility_name": "Lloyds Metals and Energy Ltd Konsari steel plant", "country": "India", "status": null, "capacity": null, "coordinate_accuracy": "exact"}}, {"type": "Feature", "geometry": {"type": "Point", "coordinates": [86.044419, 20.976277]}, "properties": {"facility_id": "P100000120559", "facility_type": "steel", "facility_name": "Mesco Steel Kalinganagar plant", "country": "India", "status": null, "capacity": null, "coordinate_accuracy": "exact"}}, {"type": "Feature", "geometry": {"type": "Point", "coordinates": [70.201953, 23.312265]}, "properties": {"facility_id": "P100000121239", "facility_type": "steel", "facility_name": "Mono Steel Gandhidham plant", "country": "India", "status": null, "capacity": null, "coordinate_accuracy": "exact"}}, {"type": "Feature", "geometry": {"type": "Point", "coordinates": [83.554495, 21.87673]}, "properties": {"facility_id": "P100000120567", "facility_type": "steel", "facility_name": "MSP Steel & Power Raigarh plant", "country": "India", "status": null, "capacity": null, "coordinate_accuracy": "exact"}}, {"type": "Feature", "geometry": {"type": "Point", "coordinates": [76.258613, 15.328976]}, "properties": {"facility_id": "P100001062087", "facility_type": "steel", "facility_name": "Mukand Sumi Special Steel Hospet steel plant", "country": "India", "status": null, "capacity": null, "coordinate_accuracy": "exact"}}, {"type": "Feature", "geometry": {"type": "Point", "coordinates": [83.330372, 22.013086]}, "properties": {"facility_id": "P100001025672", "facility_type": "steel", "facility_name": "N R Ispat and Power Raigarh steel plant", "country": "India", "status": null, "capacity": null, "coordinate_accuracy": "exact"}}, {"type": "Feature", "geometry": {"type": "Point", "coordinates": [86.019102, 20.998641]}, "properties": {"facility_id": "P100000120540", "facility_type": "steel", "facility_name": "Neelachal Ispat Nigam steel plant", "country": "India", "status": null, "capacity": null, "coordinate_accuracy": "exact"}}, {"type": "Feature", "geometry": {"type": "Point", "coordinates": [86.063646, 22.874863]}, "properties": {"facility_id": "P100000121165", "facility_type": "steel", "facility_name": "Nilachal Iron & Power Gamharia steel plant", "country": "India", "status": null, "capacity": null, "coordinate_accuracy": "exact"}}, {"type": "Feature", "geometry": {"type": "Point", "coordinates": [76.916591, 15.186288]}, "properties": {"facility_id": "P100000120548", "facility_type": "steel", "facility_name": "NMDC Karnataka steel plant", "country": "India", "status": null, "capacity": null, "coordinate_accuracy": "approximate"}}, {"type": "Feature", "geometry": {"type": "Point", "coordinates": [82.17, 19.0931901]}, "properties": {"facility_id": "P100000120523", "facility_type": "steel", "facility_name": "NMDC Nagarnar steel plant", "country": "India", "status": null, "capacity": null, "coordinate_accuracy": "exact"}}, {"type": "Feature", "geometry": {"type": "Point", "coordinates": [87.309047, 22.364258]}, "properties": {"facility_id": "P100000121188", "facility_type": "steel", "facility_name": "Orissa Alloy Steel Kharagpur Plant", "country": "India", "status": null, "capacity": null, "coordinate_accuracy": "exact"}}, {"type": "Feature", "geometry": {"type": "Point", "coordinates": [87.281773, 22.378355]}, "properties": {"facility_id": "P100000121187", "facility_type": "steel", "facility_name": "Orissa Metaliks Kharagpur steel plant", "country": "India", "status": null, "capacity": null, "coordinate_accuracy": "exact"}}, {"type": "Feature", "geometry": {"type": "Point", "coordinates": [83.966244, 21.856747]}, "properties": {"facility_id": "P100000120566", "facility_type": "steel", "facility_name": "Orissa Metaliks Markuta steel plant", "country": "India", "status": null, "capacity": null, "coordinate_accuracy": "exact"}}, {"type": "Feature", "geometry": {"type": "Point", "coordinates": [85.56751, 21.801994]}, "properties": {"facility_id": "P100000120563", "facility_type": "steel", "facility_name": "Orissa Sponge Iron and Steel plant", "country": "India", "status": null, "capacity": null, "coordinate_accuracy": "exact"}}, {"type": "Feature", "geometry": {"type": "Point", "coordinates": [87.017184, 22.3591]}, "properties": {"facility_id": "P100000121189", "facility_type": "steel", "facility_name": "Orissa Steel and Power Jhargram steel plant", "country": "India", "status": null, "capacity": null, "coordinate_accuracy": "exact"}}, {"type": "Feature", "geometry": {"type": "Point", "coordinates": [82.671666, 22.004694]}, "properties": {"facility_id": "P100000120558", "facility_type": "steel", "facility_name": "Prakash Industries Janjgir steel plant", "country": "India", "status": null, "capacity": null, "coordinate_accuracy": "exact"}}, {"type": "Feature", "geometry": {"type": "Point", "coordinates": [76.665824, 14.152912]}, "properties": {"facility_id": "P100000121190", "facility_type": "steel", "facility_name": "Prakash Sponge Iron and Power Challakere steel plant", "country": "India", "status": null, "capacity": null, "coordinate_accuracy": "exact"}}, {"type": "Feature", "geometry": {"type": "Point", "coordinates": [88.457443, 22.977477]}, "properties": {"facility_id": "P100000120553", "facility_type": "steel", "facility_name": "Ramsarup Industries Kharagpur steel plant", "country": "India", "status": null, "capacity": null, "coordinate_accuracy": "exact"}}, {"type": "Feature", "geometry": {"type": "Point", "coordinates": [87.398085, 22.331489]}, "properties": {"facility_id": "P100001025938", "facility_type": "steel", "facility_name": "Rashmi Green Hydrogen Steel Kharagpur steel plant", "country": "India", "status": null, "capacity": null, "coordinate_accuracy": "exact"}}, {"type": "Feature", "geometry": {"type": "Point", "coordinates": [87.07774, 23.706343]}, "properties": {"facility_id": "P100000120556", "facility_type": "steel", "facility_name": "Rashmi Metaliks Jamuria steel plant", "country": "India", "status": null, "capacity": null, "coordinate_accuracy": "approximate"}}, {"type": "Feature", "geometry": {"type": "Point", "coordinates": [87.295932, 22.360664]}, "properties": {"facility_id": "P100000120555", "facility_type": "steel", "facility_name": "Rashmi Metaliks Kharagpur steel plant", "country": "India", "status": null, "capacity": null, "coordinate_accuracy": "exact"}}, {"type": "Feature", "geometry": {"type": "Point", "coordinates": [83.191918, 17.612846]}, "properties": {"facility_id": "P100000120531", "facility_type": "steel", "facility_name": "RINL Vizag Steel plant", "country": "India", "status": null, "capacity": null, "coordinate_accuracy": "exact"}}, {"type": "Feature", "geometry": {"type": "Point", "coordinates": [85.905724, 22.588359]}, "properties": {"facility_id": "P100001025819", "facility_type": "steel", "facility_name": "Rungta Mines Chaliyama steel plant", "country": "India", "status": null, "capacity": null, "coordinate_accuracy": "exact"}}, {"type": "Feature", "geometry": {"type": "Point", "coordinates": [85.299318, 20.764524]}, "properties": {"facility_id": "P100000120569", "facility_type": "steel", "facility_name": "Rungta Mines Dhenkanal steel plant", "country": "India", "status": null, "capacity": null, "coordinate_accuracy": "exact"}}, {"type": "Feature", "geometry": {"type": "Point", "coordinates": [85.223988, 21.928511]}, "properties": {"facility_id": "P100000121186", "facility_type": "steel", "facility_name": "Rungta Mines Kamanda steel plant", "country": "India", "status": null, "capacity": null, "coordinate_accuracy": "exact"}}, {"type": "Feature", "geometry": {"type": "Point", "coordinates": [85.414616, 22.140174]}, "properties": {"facility_id": "P100000121185", "facility_type": "steel", "facility_name": "Rungta Mines Karakhendra steel plant", "country": "India", "status": null, "capacity": null, "coordinate_accuracy": "exact"}}, {"type": "Feature", "geometry": {"type": "Point", "coordinates": [85.417031, 22.13237]}, "properties": {"facility_id": "P100001025818", "facility_type": "steel", "facility_name": "Rungta Mines Karakolha sponge iron plant", "country": "India", "status": null, "capacity": null, "coordinate_accuracy": "exact"}}, {"type": "Feature", "geometry": {"type": "Point", "coordinates": [87.275935, 23.522882]}, "properties": {"facility_id": "P100000120549", "facility_type": "steel", "facility_name": "SAIL Alloy steel plant", "country": "India", "status": null, "capacity": null, "coordinate_accuracy": "exact"}}, {"type": "Feature", "geometry": {"type": "Point", "coordinates": [81.394207, 21.185157]}, "properties": {"facility_id": "P100000120525", "facility_type": "steel", "facility_name": "SAIL Bhilai steel plant", "country": "India", "status": null, "capacity": null, "coordinate_accuracy": "exact"}}, {"type": "Feature", "geometry": {"type": "Point", "coordinates": [86.10687, 23.671677]}, "properties": {"facility_id": "P100000120526", "facility_type": "steel", "facility_name": "SAIL Bokaro steel plant", "country": "India", "status": null, "capacity": null, "coordinate_accuracy": "exact"}}, {"type": "Feature", "geometry": {"type": "Point", "coordinates": [87.245247, 23.54843]}, "properties": {"facility_id": "P100000120527", "facility_type": "steel", "facility_name": "SAIL Durgapur steel plant", "country": "India", "status": null, "capacity": null, "coordinate_accuracy": "exact"}}, {"type": "Feature", "geometry": {"type": "Point", "coordinates": [86.926179, 23.673236]}, "properties": {"facility_id": "P100000120524", "facility_type": "steel", "facility_name": "SAIL IISCO steel plant", "country": "India", "status": null, "capacity": null, "coordinate_accuracy": "exact"}}, {"type": "Feature", "geometry": {"type": "Point", "coordinates": [86.609001, 20.317455]}, "properties": {"facility_id": "P100000120550", "facility_type": "steel", "facility_name": "SAIL Paradip steel plant", "country": "India", "status": null, "capacity": null, "coordinate_accuracy": "approximate"}}, {"type": "Feature", "geometry": {"type": "Point", "coordinates": [85.31236535745192, 23.3356313803427]}, "properties": {"facility_id": "P100001081803", "facility_type": "steel", "facility_name": "SAIL Ranchi DRI plant", "country": "India", "status": null, "capacity": null, "coordinate_accuracy": "approximate"}}, {"type": "Feature", "geometry": {"type": "Point", "coordinates": [84.86895, 22.210804]}, "properties": {"facility_id": "P100000120528", "facility_type": "steel", "facility_name": "SAIL Rourkela steel plant", "country": "India", "status": null, "capacity": null, "coordinate_accuracy": "exact"}}, {"type": "Feature", "geometry": {"type": "Point", "coordinates": [86.789527, 23.613861]}, "properties": {"facility_id": "P100000121191", "facility_type": "steel", "facility_name": "Shakambhari Ispat and Power Purulia steel plant", "country": "India", "status": null, "capacity": null, "coordinate_accuracy": "exact"}}, {"type": "Feature", "geometry": {"type": "Point", "coordinates": [81.771697, 21.48619]}, "properties": {"facility_id": "P100000121192", "facility_type": "steel", "facility_name": "Shri Bajrang Power & Ispat Tilda steel plant", "country": "India", "status": null, "capacity": null, "coordinate_accuracy": "exact"}}, {"type": "Feature", "geometry": {"type": "Point", "coordinates": [87.122711, 23.693749]}, "properties": {"facility_id": "P100000121183", "facility_type": "steel", "facility_name": "Shyam Metalics Jamuria steel plant", "country": "India", "status": null, "capacity": null, "coordinate_accuracy": "exact"}}, {"type": "Feature", "geometry": {"type": "Point", "coordinates": [84.04179, 21.680344]}, "properties": {"facility_id": "P100000121184", "facility_type": "steel", "facility_name": "Shyam Metalics Sambalpur steel plant", "country": "India", "status": null, "capacity": null, "coordinate_accuracy": "exact"}}, {"type": "Feature", "geometry": {"type": "Point", "coordinates": [87.089552, 23.564157]}, "properties": {"facility_id": "P100000121182", "facility_type": "steel", "facility_name": "Shyam Steel Mejia steel plant", "country": "India", "status": null, "capacity": null, "coordinate_accuracy": "exact"}}, {"type": "Feature", "geometry": {"type": "Point", "coordinates": [86.724603, 23.590212]}, "properties": {"facility_id": "P100000121181", "facility_type": "steel", "facility_name": "Shyam Steel Raghunathpur steel plant", "country": "India", "status": null, "capacity": null, "coordinate_accuracy": "approximate"}}, {"type": "Feature", "geometry": {"type": "Point", "coordinates": [79.632398, 21.232929]}, "properties": {"facility_id": "P100000120575", "facility_type": "steel", "facility_name": "Sunflag Iron and Steel plant", "country": "India", "status": null, "capacity": null, "coordinate_accuracy": "exact"}}, {"type": "Feature", "geometry": {"type": "Point", "coordinates": [79.968551, 19.487201]}, "properties": {"facility_id": "P100001025670", "facility_type": "steel", "facility_name": "Surjagad Ispat Gadchiroli steel plant", "country": "India", "status": null, "capacity": null, "coordinate_accuracy": "approximate"}}, {"type": "Feature", "geometry": {"type": "Point", "coordinates": [81.705254, 21.625706]}, "properties": {"facility_id": "P100000121193", "facility_type": "steel", "facility_name": "Swadesh Metallics Simga steel plant", "country": "India", "status": null, "capacity": null, "coordinate_accuracy": "approximate"}}, {"type": "Feature", "geometry": {"type": "Point", "coordinates": [87.287179, 22.385611]}, "properties": {"facility_id": "P100000120546", "facility_type": "steel", "facility_name": "Tata Metaliks Kharagpur steel plant", "country": "India", "status": null, "capacity": null, "coordinate_accuracy": "exact"}}, {"type": "Feature", "geometry": {"type": "Point", "coordinates": [86.084022, 22.812895]}, "properties": {"facility_id": "P100000120535", "facility_type": "steel", "facility_name": "Tata Steel Gamharia steel plant", "country": "India", "status": null, "capacity": null, "coordinate_accuracy": "exact"}}, {"type": "Feature", "geometry": {"type": "Point", "coordinates": [86.1996, 22.788598]}, "properties": {"facility_id": "P100000120529", "facility_type": "steel", "facility_name": "Tata Steel Jamshedpur steel plant", "country": "India", "status": null, "capacity": null, "coordinate_accuracy": "exact"}}, {"type": "Feature", "geometry": {"type": "Point", "coordinates": [86.015211, 20.970411]}, "properties": {"facility_id": "P100000120530", "facility_type": "steel", "facility_name": "Tata Steel Kalinganagar steel plant", "country": "India", "status": null, "capacity": null, "coordinate_accuracy": "exact"}}, {"type": "Feature", "geometry": {"type": "Point", "coordinates": [75.987521, 30.946888]}, "properties": {"facility_id": "P100000120576", "facility_type": "steel", "facility_name": "Tata Steel Ludhiana steel plant", "country": "India", "status": null, "capacity": null, "coordinate_accuracy": "exact"}}, {"type": "Feature", "geometry": {"type": "Point", "coordinates": [85.260382, 20.796053]}, "properties": {"facility_id": "P100000120511", "facility_type": "steel", "facility_name": "Tata Steel Meramandali steel plant", "country": "India", "status": null, "capacity": null, "coordinate_accuracy": "exact"}}, {"type": "Feature", "geometry": {"type": "Point", "coordinates": [76.824905, 15.184613]}, "properties": {"facility_id": "P100000121194", "facility_type": "steel", "facility_name": "Uttam Galva Ferrous Bellary steel plant", "country": "India", "status": null, "capacity": null, "coordinate_accuracy": "exact"}}, {"type": "Feature", "geometry": {"type": "Point", "coordinates": [75.908673, 30.890103]}, "properties": {"facility_id": "P100001054309", "facility_type": "steel", "facility_name": "Vardhman Special Steels Ludhiana steel plant", "country": "India", "status": null, "capacity": null, "coordinate_accuracy": "approximate"}}, {"type": "Feature", "geometry": {"type": "Point", "coordinates": [73.986671, 15.526866]}, "properties": {"facility_id": "P100000121205", "facility_type": "steel", "facility_name": "Vedanta Sesa Goa Pig Iron Plant", "country": "India", "status": null, "capacity": null, "coordinate_accuracy": "exact"}}, {"type": "Feature", "geometry": {"type": "Point", "coordinates": [70.0866885, 23.112781]}, "properties": {"facility_id": "P100000120541", "facility_type": "steel", "facility_name": "Welspun Metallics Anjar Steel plant", "country": "India", "status": null, "capacity": null, "coordinate_accuracy": "exact"}}, {"type": "Feature", "geometry": {"type": "Point", "coordinates": [76.234947, 15.293421]}, "properties": {"facility_id": "P100000120551", "facility_type": "steel", "facility_name": "Xindia Steels Koppal plant", "country": "India", "status": null, "capacity": null, "coordinate_accuracy": "exact"}}, {"type": "Feature", "geometry": {"type": "Point", "coordinates": [86.036604, 20.928285]}, "properties": {"facility_id": "P100000121032", "facility_type": "steel", "facility_name": "Yazdani Steel and Power Kalinganagar steel plant", "country": "India", "status": null, "capacity": null, "coordinate_accuracy": "exact"}}, {"type": "Feature", "geometry": {"type": "Point", "coordinates": [80.858324, 24.595585]}, "properties": {"facility_id": "P100000123900", "facility_type": "cement", "facility_name": "Birla Corporation Satna Cement Plant", "country": "India", "status": "operating", "capacity": 2.7, "coordinate_accuracy": "exact"}}, {"type": "Feature", "geometry": {"type": "Point", "coordinates": [74.634164, 24.930921]}, "properties": {"facility_id": "P100000123901", "facility_type": "cement", "facility_name": "Birla Corporation Chanderia Cement Plant", "country": "India", "status": "operating", "capacity": 4.2, "coordinate_accuracy": "exact"}}, {"type": "Feature", "geometry": {"type": "Point", "coordinates": [80.797654, 24.254955]}, "properties": {"facility_id": "P100000123902", "facility_type": "cement", "facility_name": "KJS Cement Maihar Cement Plant", "country": "India", "status": "operating", "capacity": 3.5, "coordinate_accuracy": "exact"}}, {"type": "Feature", "geometry": {"type": "Point", "coordinates": [81.250948, 26.253459]}, "properties": {"facility_id": "P100000123903", "facility_type": "cement", "facility_name": "Birla Corporation Raebareli Cement Plant", "country": "India", "status": "operating", "capacity": 1.24, "coordinate_accuracy": "exact"}}, {"type": "Feature", "geometry": {"type": "Point", "coordinates": [87.233368, 23.562033]}, "properties": {"facility_id": "P100000123904", "facility_type": "cement", "facility_name": "Birla Corporation Durgapur Cement Plant", "country": "India", "status": "operating", "capacity": 2.05, "coordinate_accuracy": "exact"}}, {"type": "Feature", "geometry": {"type": "Point", "coordinates": [78.922224, 20.928244]}, "properties": {"facility_id": "P100000123905", "facility_type": "cement", "facility_name": "RCCPL Butibori Cement Plant", "country": "India", "status": "operating", "capacity": 0.58, "coordinate_accuracy": "exact"}}, {"type": "Feature", "geometry": {"type": "Point", "coordinates": [81.130322, 26.404843]}, "properties": {"facility_id": "P100000123906", "facility_type": "cement", "facility_name": "RCCPL Kundanganj Cement Plant", "country": "India", "status": "operating", "capacity": 3.61, "coordinate_accuracy": "exact"}}, {"type": "Feature", "geometry": {"type": "Point", "coordinates": [79.917592, 16.810365]}, "properties": {"facility_id": "P100000123907", "facility_type": "cement", "facility_name": "My Home Industries Nalgonda Cement Plant", "country": "India", "status": "operating", "capacity": 6.4, "coordinate_accuracy": "exact"}}, {"type": "Feature", "geometry": {"type": "Point", "coordinates": [82.772664, 17.503171]}, "properties": {"facility_id": "P100000123908", "facility_type": "cement", "facility_name": "My Home Industries Bayyavaram Cement Plant", "country": "India", "status": "operating", "capacity": 2.0, "coordinate_accuracy": "exact"}}, {"type": "Feature", "geometry": {"type": "Point", "coordinates": [78.133482, 8.893025]}, "properties": {"facility_id": "P100000123909", "facility_type": "cement", "facility_name": "Ambuja Cements Mela Maruthur Cement Plant", "country": "India", "status": "operating", "capacity": 1.5, "coordinate_accuracy": "exact"}}, {"type": "Feature", "geometry": {"type": "Point", "coordinates": [93.766061, 26.020467]}, "properties": {"facility_id": "P100000123910", "facility_type": "cement", "facility_name": "Cement Corporation of India Bokajan Cement Plant", "country": "India", "status": "operating", "capacity": 1.98, "coordinate_accuracy": "exact"}}, {"type": "Feature", "geometry": {"type": "Point", "coordinates": [77.475053, 17.308637]}, "properties": {"facility_id": "P100000123911", "facility_type": "cement", "facility_name": "Cement Corporation of India Tandur Cement Plant", "country": "India", "status": "operating", "capacity": 1.0, "coordinate_accuracy": "exact"}}, {"type": "Feature", "geometry": {"type": "Point", "coordinates": [77.661101, 30.521323]}, "properties": {"facility_id": "P100000123912", "facility_type": "cement", "facility_name": "Cement Corporation of India Rajban Cement Plant", "country": "India", "status": "operating", "capacity": 2.0, "coordinate_accuracy": "exact"}}, {"type": "Feature", "geometry": {"type": "Point", "coordinates": [74.773539, 24.540356]}, "properties": {"facility_id": "P100000123913", "facility_type": "cement", "facility_name": "Cement Corporation of India Nayagaon Cement Plant", "country": "India", "status": "mothballed", "capacity": 0.9, "coordinate_accuracy": "exact"}}, {"type": "Feature", "geometry": {"type": "Point", "coordinates": [82.40836, 22.002518]}, "properties": {"facility_id": "P100000123914", "facility_type": "cement", "facility_name": "Cement Corporation of India Akaltara Cement Plant", "country": "India", "status": "mothballed", "capacity": 0.4, "coordinate_accuracy": "exact"}}, {"type": "Feature", "geometry": {"type": "Point", "coordinates": [77.347377, 17.183522]}, "properties": {"facility_id": "P100000123915", "facility_type": "cement", "facility_name": "Cement Corporation of India Kurgunta Cement Plant", "country": "India", "status": "mothballed", "capacity": 0.2, "coordinate_accuracy": "exact"}}, {"type": "Feature", "geometry": {"type": "Point", "coordinates": [81.782887, 21.497444]}, "properties": {"facility_id": "P100000123916", "facility_type": "cement", "facility_name": "Century Textiles and Industries Baikunth Cement Plant", "country": "India", "status": "operating", "capacity": 2.4, "coordinate_accuracy": "exact"}}, {"type": "Feature", "geometry": {"type": "Point", "coordinates": [79.176075, 19.724394]}, "properties": {"facility_id": "P100000123917", "facility_type": "cement", "facility_name": "UltraTech Cement Gadchandur Cement Plant", "country": "India", "status": "operating", "capacity": 6.0, "coordinate_accuracy": "exact"}}, {"type": "Feature", "geometry": {"type": "Point", "coordinates": [80.799867, 24.202644]}, "properties": {"facility_id": "P100000123918", "facility_type": "cement", "facility_name": "UltraTech Cement Maihar Cement Plant", "country": "India", "status": "operating", "capacity": 12.0, "coordinate_accuracy": "exact"}}, {"type": "Feature", "geometry": {"type": "Point", "coordinates": [88.083237, 24.388462]}, "properties": {"facility_id": "P100000123919", "facility_type": "cement", "facility_name": "UltraTech Cement Dhalo Cement Plant", "country": "India", "status": "operating", "capacity": 3.3, "coordinate_accuracy": "exact"}}, {"type": "Feature", "geometry": {"type": "Point", "coordinates": [77.445669, 17.370099]}, "properties": {"facility_id": "P100000123920", "facility_type": "cement", "facility_name": "Chettinad Cement Corporation Sangam K Cement Plant", "country": "India", "status": "operating", "capacity": 2.5, "coordinate_accuracy": "exact"}}, {"type": "Feature", "geometry": {"type": "Point", "coordinates": [78.093078, 10.712417]}, "properties": {"facility_id": "P100000123921", "facility_type": "cement", "facility_name": "Chettinad Cement Corporation Karikkali Cement Plant", "country": "India", "status": "operating", "capacity": 4.5, "coordinate_accuracy": "exact"}}, {"type": "Feature", "geometry": {"type": "Point", "coordinates": [79.063006, 11.058644]}, "properties": {"facility_id": "P100000123922", "facility_type": "cement", "facility_name": "Chettinad Cement Corporation Ariyalur Cement Plant", "country": "India", "status": "operating", "capacity": 5.5, "coordinate_accuracy": "exact"}}, {"type": "Feature", "geometry": {"type": "Point", "coordinates": [78.152888, 10.937116]}, "properties": {"facility_id": "P100000123923", "facility_type": "cement", "facility_name": "Chettinad Cement Corporation Puliyur Cement Plant", "country": "India", "status": "operating", "capacity": 1.7, "coordinate_accuracy": "exact"}}, {"type": "Feature", "geometry": {"type": "Point", "coordinates": [76.040366, 17.530246]}, "properties": {"facility_id": "P100000123924", "facility_type": "cement", "facility_name": "Chettinad Cement Corporation Solapur Cement Plant", "country": "India", "status": "operating", "capacity": 2.0, "coordinate_accuracy": "exact"}}, {"type": "Feature", "geometry": {"type": "Point", "coordinates": [92.359386, 25.191604]}, "properties": {"facility_id": "P100000123925", "facility_type": "cement", "facility_name": "Dalmia Cement (Bharat) East Jaintia Hills Cement Plant", "country": "India", "status": "operating", "capacity": 1.5, "coordinate_accuracy": "exact"}}, {"type": "Feature", "geometry": {"type": "Point", "coordinates": [78.339902, 14.932014]}, "properties": {"facility_id": "P100000123927", "facility_type": "cement", "facility_name": "Dalmia Cement (Bharat) YSR District Cement Plant", "country": "India", "status": "operating", "capacity": 3.6, "coordinate_accuracy": "exact"}}, {"type": "Feature", "geometry": {"type": "Point", "coordinates": [78.947252, 10.968101]}, "properties": {"facility_id": "P100000123928", "facility_type": "cement", "facility_name": "Dalmia Cement (Bharat) Tiruchirappalli Cement Plant", "country": "India", "status": "operating", "capacity": 3.4, "coordinate_accuracy": "exact"}}, {"type": "Feature", "geometry": {"type": "Point", "coordinates": [79.09975, 11.182995]}, "properties": {"facility_id": "P100000123929", "facility_type": "cement", "facility_name": "Dalmia Cement (Bharat) Ariyalur Cement Plant", "country": "India", "status": "operating", "capacity": 3.0, "coordinate_accuracy": "exact"}}, {"type": "Feature", "geometry": {"type": "Point", "coordinates": [75.209295, 16.204723]}, "properties": {"facility_id": "P100000123930", "facility_type": "cement", "facility_name": "Dalmia Cement (Bharat) Belagavi Cement Plant", "country": "India", "status": "operating", "capacity": 4.0, "coordinate_accuracy": "exact"}}, {"type": "Feature", "geometry": {"type": "Point", "coordinates": [84.58922, 22.201498]}, "properties": {"facility_id": "P100000123932", "facility_type": "cement", "facility_name": "OCL India Rajgangpur Cement Plant", "country": "India", "status": "operating", "capacity": 6.25, "coordinate_accuracy": "exact"}}, {"type": "Feature", "geometry": {"type": "Point", "coordinates": [92.975349, 25.891479]}, "properties": {"facility_id": "P100000123933", "facility_type": "cement", "facility_name": "Dalmia Cement (North East) Lanka Cement Plant", "country": "India", "status": "operating", "capacity": 5.9, "coordinate_accuracy": "exact"}}, {"type": "Feature", "geometry": {"type": "Point", "coordinates": [86.063099, 23.700238]}, "properties": {"facility_id": "P100000123934", "facility_type": "cement", "facility_name": "Dalmia Cement (Bharat) Bokaro Steel City Cement Plant", "country": "India", "status": "operating", "capacity": 4.5, "coordinate_accuracy": "exact"}}, {"type": "Feature", "geometry": {"type": "Point", "coordinates": [86.000291, 20.628053]}, "properties": {"facility_id": "P100000123935", "facility_type": "cement", "facility_name": "Dalmia Cement (Bharat) Amiyajhari Cement Plant", "country": "India", "status": "operating", "capacity": 3.95, "coordinate_accuracy": "exact"}}, {"type": "Feature", "geometry": {"type": "Point", "coordinates": [87.313274, 22.528774]}, "properties": {"facility_id": "P100000123936", "facility_type": "cement", "facility_name": "OCL India Salboni Cement Plant", "country": "India", "status": "operating", "capacity": 1.35, "coordinate_accuracy": "exact"}}, {"type": "Feature", "geometry": {"type": "Point", "coordinates": [92.214092, 26.168341]}, "properties": {"facility_id": "P100000123937", "facility_type": "cement", "facility_name": "Alsthom Industries Baghjap Cement Plant", "country": "India", "status": "operating", "capacity": 0.6, "coordinate_accuracy": "exact"}}, {"type": "Feature", "geometry": {"type": "Point", "coordinates": [76.723122, 13.27022]}, "properties": {"facility_id": "P100000123938", "facility_type": "cement", "facility_name": "HeidelbergCement India Tumkur Cement Plant", "country": "India", "status": "operating", "capacity": 0.5, "coordinate_accuracy": "exact"}}, {"type": "Feature", "geometry": {"type": "Point", "coordinates": [79.392584, 23.990282]}, "properties": {"facility_id": "P100000123939", "facility_type": "cement", "facility_name": "HeidelbergCement India Narsinghgarh Cement Plant", "country": "India", "status": "operating", "capacity": 3.0, "coordinate_accuracy": "exact"}}, {"type": "Feature", "geometry": {"type": "Point", "coordinates": [80.036823, 16.832064]}, "properties": {"facility_id": "P100000123940", "facility_type": "cement", "facility_name": "Zuari Cement Sitapuram Cement Plant", "country": "India", "status": "operating", "capacity": 1.31, "coordinate_accuracy": "exact"}}, {"type": "Feature", "geometry": {"type": "Point", "coordinates": [78.522478, 14.60521]}, "properties": {"facility_id": "P100000123941", "facility_type": "cement", "facility_name": "Zuari Cement Yerraguntla Cement Plant", "country": "India", "status": "operating", "capacity": 7.1, "coordinate_accuracy": "exact"}}, {"type": "Feature", "geometry": {"type": "Point", "coordinates": [78.711436, 25.499517]}, "properties": {"facility_id": "P100000123942", "facility_type": "cement", "facility_name": "HeidelbergCement India Jhansi Cement Plant", "country": "India", "status": "operating", "capacity": 2.7, "coordinate_accuracy": "exact"}}, {"type": "Feature", "geometry": {"type": "Point", "coordinates": [80.306354, 13.260661]}, "properties": {"facility_id": "P100000123943", "facility_type": "cement", "facility_name": "Zuari Cement Attipattu Cement Plant", "country": "India", "status": "operating", "capacity": 1.0, "coordinate_accuracy": "exact"}}, {"type": "Feature", "geometry": {"type": "Point", "coordinates": [76.034869, 17.540668]}, "properties": {"facility_id": "P100000123944", "facility_type": "cement", "facility_name": "Zuari Cement Solapur Cement Plant", "country": "India", "status": "operating", "capacity": 0.95, "coordinate_accuracy": "exact"}}, {"type": "Feature", "geometry": {"type": "Point", "coordinates": [79.223045, 11.357619]}, "properties": {"facility_id": "P100000123945", "facility_type": "cement", "facility_name": "India Cements Alathiyur Cement Plant", "country": "India", "status": "operating", "capacity": 4.71, "coordinate_accuracy": "exact"}}, {"type": "Feature", "geometry": {"type": "Point", "coordinates": [78.457835, 14.665693]}, "properties": {"facility_id": "P100000123946", "facility_type": "cement", "facility_name": "India Cements Chilamakuru Cement Plant", "country": "India", "status": "operating", "capacity": 1.5, "coordinate_accuracy": "exact"}}, {"type": "Feature", "geometry": {"type": "Point", "coordinates": [77.487459, 17.331722]}, "properties": {"facility_id": "P100000123947", "facility_type": "cement", "facility_name": "India Cements Malkapur Cement Plant", "country": "India", "status": "operating", "capacity": 2.4, "coordinate_accuracy": "exact"}}, {"type": "Feature", "geometry": {"type": "Point", "coordinates": [77.828686, 11.454468]}, "properties": {"facility_id": "P100000123948", "facility_type": "cement", "facility_name": "India Cements Sankari West Cement Plant", "country": "India", "status": "operating", "capacity": 1.7, "coordinate_accuracy": "exact"}}, {"type": "Feature", "geometry": {"type": "Point", "coordinates": [77.730918, 8.78885]}, "properties": {"facility_id": "P100000123949", "facility_type": "cement", "facility_name": "India Cements Sankarnagar Cement Plant", "country": "India", "status": "operating", "capacity": 2.05, "coordinate_accuracy": "exact"}}, {"type": "Feature", "geometry": {"type": "Point", "coordinates": [79.648627, 16.696363]}, "properties": {"facility_id": "P100000123950", "facility_type": "cement", "facility_name": "India Cements Wadapally Cement Plant", "country": "India", "status": "operating", "capacity": 2.5, "coordinate_accuracy": "exact"}}, {"type": "Feature", "geometry": {"type": "Point", "coordinates": [78.528902, 14.642947]}, "properties": {"facility_id": "P100000123951", "facility_type": "cement", "facility_name": "India Cements YSR District Cement Plant", "country": "India", "status": "operating", "capacity": 0.9, "coordinate_accuracy": "exact"}}, {"type": "Feature", "geometry": {"type": "Point", "coordinates": [74.256034, 23.603059]}, "properties": {"facility_id": "P100000123952", "facility_type": "cement", "facility_name": "Trinetra Cement Banswara Cement Plant", "country": "India", "status": "operating", "capacity": 1.8, "coordinate_accuracy": "exact"}}, {"type": "Feature", "geometry": {"type": "Point", "coordinates": [80.291687, 13.241161]}, "properties": {"facility_id": "P100000123953", "facility_type": "cement", "facility_name": "India Cements Athipatttu Cement Plant", "country": "India", "status": "operating", "capacity": 1.1, "coordinate_accuracy": "exact"}}, {"type": "Feature", "geometry": {"type": "Point", "coordinates": [76.542925, 18.861883]}, "properties": {"facility_id": "P100000123954", "facility_type": "cement", "facility_name": "India Cements Parli Cement Plant", "country": "India", "status": "operating", "capacity": 1.1, "coordinate_accuracy": "exact"}}, {"type": "Feature", "geometry": {"type": "Point", "coordinates": [73.727432, 26.644668]}, "properties": {"facility_id": "P100000123955", "facility_type": "cement", "facility_name": "JK Cement Gotan Cement Plant", "country": "India", "status": "operating", "capacity": 1.75, "coordinate_accuracy": "exact"}}, {"type": "Feature", "geometry": {"type": "Point", "coordinates": [74.684476, 24.642507]}, "properties": {"facility_id": "P100000123956", "facility_type": "cement", "facility_name": "JK Cement Nimbahera Cement Plant", "country": "India", "status": "operating", "capacity": 4.9, "coordinate_accuracy": "exact"}}, {"type": "Feature", "geometry": {"type": "Point", "coordinates": [74.684612, 24.695595]}, "properties": {"facility_id": "P100000123957", "facility_type": "cement", "facility_name": "JK Cement Chittaurgarh Cement Plant", "country": "India", "status": "operating", "capacity": 3.75, "coordinate_accuracy": "exact"}}, {"type": "Feature", "geometry": {"type": "Point", "coordinates": [75.298457, 16.205971]}, "properties": {"facility_id": "P100000123958", "facility_type": "cement", "facility_name": "JK Cement Bagalkot Cement Plant", "country": "India", "status": "operating", "capacity": 3.5, "coordinate_accuracy": "exact"}}, {"type": "Feature", "geometry": {"type": "Point", "coordinates": [76.386299, 28.490245]}, "properties": {"facility_id": "P100000123959", "facility_type": "cement", "facility_name": "JK Cement Jhajjar Cement Plant", "country": "India", "status": "operating", "capacity": 2.0, "coordinate_accuracy": "exact"}}, {"type": "Feature", "geometry": {"type": "Point", "coordinates": [81.450134, 21.372294]}, "properties": {"facility_id": "P100000123960", "facility_type": "cement", "facility_name": "JK Lakshmi Cement Ahiwara Cement Plant", "country": "India", "status": "operating", "capacity": 5.0, "coordinate_accuracy": "exact"}}, {"type": "Feature", "geometry": {"type": "Point", "coordinates": [73.002276, 24.69062]}, "properties": {"facility_id": "P100000123961", "facility_type": "cement", "facility_name": "JK Lakshmi Cement Sirohi Cement Plant", "country": "India", "status": "operating", "capacity": 4.75, "coordinate_accuracy": "exact"}}, {"type": "Feature", "geometry": {"type": "Point", "coordinates": [76.358152, 28.495111]}, "properties": {"facility_id": "P100000123962", "facility_type": "cement", "facility_name": "JK Lakshmi Cement Jhajjar Cement Plant", "country": "India", "status": "operating", "capacity": 1.3, "coordinate_accuracy": "exact"}}, {"type": "Feature", "geometry": {"type": "Point", "coordinates": [72.442047, 23.176764]}, "properties": {"facility_id": "P100000123963", "facility_type": "cement", "facility_name": "JK Lakshmi Cement Gandhinagar Cement Plant", "country": "India", "status": "operating", "capacity": 1.3, "coordinate_accuracy": "exact"}}, {"type": "Feature", "geometry": {"type": "Point", "coordinates": [73.021944, 21.142718]}, "properties": {"facility_id": "P100000123965", "facility_type": "cement", "facility_name": "JK Lakshmi Cement Surat Cement Plant", "country": "India", "status": "operating", "capacity": 1.4, "coordinate_accuracy": "exact"}}, {"type": "Feature", "geometry": {"type": "Point", "coordinates": [78.458991, 15.686282]}, "properties": {"facility_id": "P100000123967", "facility_type": "cement", "facility_name": "JSW Cement Nandyal Cement Plant", "country": "India", "status": "operating", "capacity": 4.2, "coordinate_accuracy": "exact"}}, {"type": "Feature", "geometry": {"type": "Point", "coordinates": [87.309609, 22.576171]}, "properties": {"facility_id": "P100000123968", "facility_type": "cement", "facility_name": "JSW Cement Jamdedya Cement Plant", "country": "India", "status": "operating", "capacity": 3.6, "coordinate_accuracy": "exact"}}, {"type": "Feature", "geometry": {"type": "Point", "coordinates": [73.03803, 18.682155]}, "properties": {"facility_id": "P100000123969", "facility_type": "cement", "facility_name": "JSW Cement Raigad Cement Plant", "country": "India", "status": "operating", "capacity": 4.5, "coordinate_accuracy": "exact"}}, {"type": "Feature", "geometry": {"type": "Point", "coordinates": [76.700306, 15.179579]}, "properties": {"facility_id": "P100000123970", "facility_type": "cement", "facility_name": "JSW Cement Bellary Cement Plant", "country": "India", "status": "operating", "capacity": 6.0, "coordinate_accuracy": "exact"}}, {"type": "Feature", "geometry": {"type": "Point", "coordinates": [81.176433, 24.565587]}, "properties": {"facility_id": "P100000123971", "facility_type": "cement", "facility_name": "Jaypee Cement Corp Rewa Cement Plant", "country": "India", "status": "operating", "capacity": 3.0, "coordinate_accuracy": "exact"}}, {"type": "Feature", "geometry": {"type": "Point", "coordinates": [79.435689, 16.468871]}, "properties": {"facility_id": "P100000123972", "facility_type": "cement", "facility_name": "KCP Macherla Cement Plant", "country": "India", "status": "operating", "capacity": 0.8, "coordinate_accuracy": "exact"}}, {"type": "Feature", "geometry": {"type": "Point", "coordinates": [80.063456, 16.837636]}, "properties": {"facility_id": "P100000123973", "facility_type": "cement", "facility_name": "KCP Mukteswarapuram Cement Plant", "country": "India", "status": "operating", "capacity": 3.52, "coordinate_accuracy": "exact"}}, {"type": "Feature", "geometry": {"type": "Point", "coordinates": [79.404569, 18.712203]}, "properties": {"facility_id": "P100000123974", "facility_type": "cement", "facility_name": "Kesoram Industries Basanth Nagar Cement Plant", "country": "India", "status": "operating", "capacity": 1.5, "coordinate_accuracy": "exact"}}, {"type": "Feature", "geometry": {"type": "Point", "coordinates": [77.293503, 17.160018]}, "properties": {"facility_id": "P100000123975", "facility_type": "cement", "facility_name": "Kesoram Industries Gulbarga Cement Plant", "country": "India", "status": "operating", "capacity": 8.65, "coordinate_accuracy": "exact"}}, {"type": "Feature", "geometry": {"type": "Point", "coordinates": [83.61546, 21.372104]}, "properties": {"facility_id": "P100000123976", "facility_type": "cement", "facility_name": "ACC Bardol Cement Plant", "country": "India", "status": "operating", "capacity": 2.5, "coordinate_accuracy": "exact"}}, {"type": "Feature", "geometry": {"type": "Point", "coordinates": [76.834892, 31.413701]}, "properties": {"facility_id": "P100000123977", "facility_type": "cement", "facility_name": "ACC Barmana Cement Plant", "country": "India", "status": "operating", "capacity": 4.64, "coordinate_accuracy": "exact"}}, {"type": "Feature", "geometry": {"type": "Point", "coordinates": [79.113259, 19.919046]}, "properties": {"facility_id": "P100000123978", "facility_type": "cement", "facility_name": "ACC Cementnagar Cement Plant", "country": "India", "status": "operating", "capacity": 3.8, "coordinate_accuracy": "exact"}}, {"type": "Feature", "geometry": {"type": "Point", "coordinates": [81.383196, 21.239354]}, "properties": {"facility_id": "P100000123979", "facility_type": "cement", "facility_name": "ACC Jamul Cement Plant", "country": "India", "status": "operating", "capacity": 4.0, "coordinate_accuracy": "exact"}}, {"type": "Feature", "geometry": {"type": "Point", "coordinates": [85.753248, 22.424461]}, "properties": {"facility_id": "P100000123980", "facility_type": "cement", "facility_name": "ACC Jhinkpani Cement Plant", "country": "India", "status": "operating", "capacity": 1.2, "coordinate_accuracy": "exact"}}, {"type": "Feature", "geometry": {"type": "Point", "coordinates": [80.613003, 24.054744]}, "properties": {"facility_id": "P100000123981", "facility_type": "cement", "facility_name": "ACC Kymore Cement Plant", "country": "India", "status": "operating", "capacity": 2.72, "coordinate_accuracy": "exact"}}, {"type": "Feature", "geometry": {"type": "Point", "coordinates": [80.529783, 24.009317]}, "properties": {"facility_id": "P100000123982", "facility_type": "cement", "facility_name": "ACC Ametha Cement Plant", "country": "India", "status": "operating", "capacity": 1.0, "coordinate_accuracy": "exact"}}, {"type": "Feature", "geometry": {"type": "Point", "coordinates": [76.188927, 25.670752]}, "properties": {"facility_id": "P100000123983", "facility_type": "cement", "facility_name": "ACC Lakheri Cement Plant", "country": "India", "status": "operating", "capacity": 1.5, "coordinate_accuracy": "exact"}}, {"type": "Feature", "geometry": {"type": "Point", "coordinates": [76.955751, 10.906571]}, "properties": {"facility_id": "P100000123984", "facility_type": "cement", "facility_name": "ACC Madukkarai Cement Plant", "country": "India", "status": "operating", "capacity": 1.0, "coordinate_accuracy": "exact"}}, {"type": "Feature", "geometry": {"type": "Point", "coordinates": [76.978304, 17.062828]}, "properties": {"facility_id": "P100000123985", "facility_type": "cement", "facility_name": "ACC Wadi Cement Plant", "country": "India", "status": "operating", "capacity": 5.79, "coordinate_accuracy": "exact"}}, {"type": "Feature", "geometry": {"type": "Point", "coordinates": [70.69306, 20.83622]}, "properties": {"facility_id": "P100000123986", "facility_type": "cement", "facility_name": "Ambuja Cements Ambuja Nagar Cement Plant", "country": "India", "status": "operating", "capacity": 5.7, "coordinate_accuracy": "exact"}}, {"type": "Feature", "geometry": {"type": "Point", "coordinates": [76.924968, 31.258581]}, "properties": {"facility_id": "P100000123987", "facility_type": "cement", "facility_name": "Ambuja Cements Darlaghat Cement Plant", "country": "India", "status": "operating", "capacity": 6.8, "coordinate_accuracy": "exact"}}, {"type": "Feature", "geometry": {"type": "Point", "coordinates": [74.127123, 26.29945]}, "properties": {"facility_id": "P100000123988", "facility_type": "cement", "facility_name": "Ambuja Cements Rabriyawas Cement Plant", "country": "India", "status": "operating", "capacity": 2.6, "coordinate_accuracy": "exact"}}, {"type": "Feature", "geometry": {"type": "Point", "coordinates": [82.083805, 21.672501]}, "properties": {"facility_id": "P100000123989", "facility_type": "cement", "facility_name": "Ambuja Cements Rawan Cement Plant", "country": "India", "status": "operating", "capacity": 3.5, "coordinate_accuracy": "exact"}}, {"type": "Feature", "geometry": {"type": "Point", "coordinates": [79.220306, 19.703919]}, "properties": {"facility_id": "P100000123990", "facility_type": "cement", "facility_name": "Ambuja Cements Sonapur Cement Plant", "country": "India", "status": "operating", "capacity": 4.75, "coordinate_accuracy": "exact"}}, {"type": "Feature", "geometry": {"type": "Point", "coordinates": [86.500554, 23.663137]}, "properties": {"facility_id": "P100000123991", "facility_type": "cement", "facility_name": "ACC Sindri Cement Plant", "country": "India", "status": "operating", "capacity": 4.0, "coordinate_accuracy": "exact"}}, {"type": "Feature", "geometry": {"type": "Point", "coordinates": [76.781365, 15.215663]}, "properties": {"facility_id": "P100000123992", "facility_type": "cement", "facility_name": "ACC Kudithini Cement Plant", "country": "India", "status": "operating", "capacity": 3.0, "coordinate_accuracy": "exact"}}, {"type": "Feature", "geometry": {"type": "Point", "coordinates": [81.706283, 26.190592]}, "properties": {"facility_id": "P100000123993", "facility_type": "cement", "facility_name": "ACC Gauriganj Cement Plant", "country": "India", "status": "operating", "capacity": 3.91, "coordinate_accuracy": "exact"}}, {"type": "Feature", "geometry": {"type": "Point", "coordinates": [74.912213, 30.233638]}, "properties": {"facility_id": "P100000123994", "facility_type": "cement", "facility_name": "Ambuja Cements Bhatinda Cement Plant", "country": "India", "status": "operating", "capacity": 1.2, "coordinate_accuracy": "exact"}}, {"type": "Feature", "geometry": {"type": "Point", "coordinates": [77.546556, 28.570512]}, "properties": {"facility_id": "P100000123995", "facility_type": "cement", "facility_name": "Ambuja Cements Dadri Cement Plant", "country": "India", "status": "operating", "capacity": 1.8, "coordinate_accuracy": "exact"}}, {"type": "Feature", "geometry": {"type": "Point", "coordinates": [88.194228, 22.569254]}, "properties": {"facility_id": "P100000123996", "facility_type": "cement", "facility_name": "Ambuja Cements Dhulagori Cement Plant", "country": "India", "status": "operating", "capacity": 4.8, "coordinate_accuracy": "exact"}}, {"type": "Feature", "geometry": {"type": "Point", "coordinates": [76.643271, 31.114069]}, "properties": {"facility_id": "P100000123997", "facility_type": "cement", "facility_name": "Ambuja Cements Jajhra Cement Plant", "country": "India", "status": "operating", "capacity": 1.5, "coordinate_accuracy": "exact"}}, {"type": "Feature", "geometry": {"type": "Point", "coordinates": [76.56755, 31.03634]}, "properties": {"facility_id": "P100000123998", "facility_type": "cement", "facility_name": "Ambuja Cements Lodhimajra Cement Plant", "country": "India", "status": "operating", "capacity": 2.5, "coordinate_accuracy": "exact"}}, {"type": "Feature", "geometry": {"type": "Point", "coordinates": [72.739127, 21.139583]}, "properties": {"facility_id": "P100000123999", "facility_type": "cement", "facility_name": "Ambuja Cements Magdalla Cement Plant", "country": "India", "status": "operating", "capacity": 1.56, "coordinate_accuracy": "exact"}}, {"type": "Feature", "geometry": {"type": "Point", "coordinates": [77.769868, 29.967487]}, "properties": {"facility_id": "P100000124000", "facility_type": "cement", "facility_name": "Ambuja Cements Sikandarpur Cement Plant", "country": "India", "status": "operating", "capacity": 1.0, "coordinate_accuracy": "exact"}}, {"type": "Feature", "geometry": {"type": "Point", "coordinates": [87.88645, 24.775292]}, "properties": {"facility_id": "P100000124001", "facility_type": "cement", "facility_name": "Ambuja Cements Farakka Cement Plant", "country": "India", "status": "operating", "capacity": 1.25, "coordinate_accuracy": "exact"}}, {"type": "Feature", "geometry": {"type": "Point", "coordinates": [86.887733, 23.637114]}, "properties": {"facility_id": "P100000124002", "facility_type": "cement", "facility_name": "ACC Sunuri Cement Plant", "country": "India", "status": "operating", "capacity": 0.7, "coordinate_accuracy": "exact"}}, {"type": "Feature", "geometry": {"type": "Point", "coordinates": [77.509404, 13.499152]}, "properties": {"facility_id": "P100000124003", "facility_type": "cement", "facility_name": "ACC Thondebhavi Cement Plant", "country": "India", "status": "operating", "capacity": 1.6, "coordinate_accuracy": "exact"}}, {"type": "Feature", "geometry": {"type": "Point", "coordinates": [76.835789, 10.848197]}, "properties": {"facility_id": "P100000124004", "facility_type": "cement", "facility_name": "Malabar Cements Walayar Cement Plant", "country": "India", "status": "operating", "capacity": 0.66, "coordinate_accuracy": "exact"}}, {"type": "Feature", "geometry": {"type": "Point", "coordinates": [76.362414, 9.748529]}, "properties": {"facility_id": "P100000124005", "facility_type": "cement", "facility_name": "Malabar Cements Pallipuram Cement Plant", "country": "India", "status": "operating", "capacity": 0.2, "coordinate_accuracy": "exact"}}, {"type": "Feature", "geometry": {"type": "Point", "coordinates": [79.064451, 19.787467]}, "properties": {"facility_id": "P100000124006", "facility_type": "cement", "facility_name": "Murli Industries Chandrapur Cement Plant", "country": "India", "status": "operating", "capacity": 3.0, "coordinate_accuracy": "exact"}}, {"type": "Feature", "geometry": {"type": "Point", "coordinates": [79.817766, 16.715611]}, "properties": {"facility_id": "P100000124007", "facility_type": "cement", "facility_name": "NCL Industries Nalgonda Cement Plant", "country": "India", "status": "operating", "capacity": 2.6, "coordinate_accuracy": "exact"}}, {"type": "Feature", "geometry": {"type": "Point", "coordinates": [80.547848, 16.661776]}, "properties": {"facility_id": "P100000124008", "facility_type": "cement", "facility_name": "NCL Industries Krishna Cement Plant", "country": "India", "status": "operating", "capacity": 0.99, "coordinate_accuracy": "exact"}}, {"type": "Feature", "geometry": {"type": "Point", "coordinates": [82.110036, 21.63125]}, "properties": {"facility_id": "P100000124009", "facility_type": "cement", "facility_name": "NU Vista Risda Cement Plant", "country": "India", "status": "operating", "capacity": 3.0, "coordinate_accuracy": "exact"}}, {"type": "Feature", "geometry": {"type": "Point", "coordinates": [82.351432, 21.969431]}, "properties": {"facility_id": "P100000124010", "facility_type": "cement", "facility_name": "NuvoVistas Corporation Janjgir Champa Cement Plant", "country": "India", "status": "operating", "capacity": 1.89, "coordinate_accuracy": "exact"}}, {"type": "Feature", "geometry": {"type": "Point", "coordinates": [82.212864, 21.73034]}, "properties": {"facility_id": "P100000124011", "facility_type": "cement", "facility_name": "NuvoVistas Corporation Raseda Cement Plant", "country": "India", "status": "operating", "capacity": 0.65, "coordinate_accuracy": "exact"}}, {"type": "Feature", "geometry": {"type": "Point", "coordinates": [73.847671, 26.332138]}, "properties": {"facility_id": "P100000124012", "facility_type": "cement", "facility_name": "NuvoVistas Corporation Nimbol Cement Plant", "country": "India", "status": "operating", "capacity": 2.28, "coordinate_accuracy": "exact"}}, {"type": "Feature", "geometry": {"type": "Point", "coordinates": [74.670187, 24.714457]}, "properties": {"facility_id": "P100000124013", "facility_type": "cement", "facility_name": "NuvoVistas Corporation Chittaurgarh Cement Plant", "country": "India", "status": "operating", "capacity": 2.6, "coordinate_accuracy": "exact"}}, {"type": "Feature", "geometry": {"type": "Point", "coordinates": [87.51119, 23.439328]}, "properties": {"facility_id": "P100000124014", "facility_type": "cement", "facility_name": "NU Vista Panagarh Cement Plant", "country": "India", "status": "operating", "capacity": 2.5, "coordinate_accuracy": "exact"}}, {"type": "Feature", "geometry": {"type": "Point", "coordinates": [87.120726, 23.461907]}, "properties": {"facility_id": "P100000124015", "facility_type": "cement", "facility_name": "Nuvoco Vistas Corporation Meja Cement Plant", "country": "India", "status": "operating", "capacity": 1.65, "coordinate_accuracy": "exact"}}, {"type": "Feature", "geometry": {"type": "Point", "coordinates": [86.245522, 22.753765]}, "properties": {"facility_id": "P100000124016", "facility_type": "cement", "facility_name": "NuvoVistas Corporation Jojobera Cement Plant", "country": "India", "status": "operating", "capacity": 6.6, "coordinate_accuracy": "exact"}}, {"type": "Feature", "geometry": {"type": "Point", "coordinates": [76.273575, 28.455175]}, "properties": {"facility_id": "P100000124017", "facility_type": "cement", "facility_name": "NuvoVistas Corporation Bhiwani Cement Plant", "country": "India", "status": "operating", "capacity": 1.2, "coordinate_accuracy": "exact"}}, {"type": "Feature", "geometry": {"type": "Point", "coordinates": [83.461625, 25.223534]}, "properties": {"facility_id": "P100000124019", "facility_type": "cement", "facility_name": "NU Vista Bhabua Cement Plant", "country": "India", "status": "operating", "capacity": 0.8, "coordinate_accuracy": "exact"}}, {"type": "Feature", "geometry": {"type": "Point", "coordinates": [79.349324, 19.033435]}, "properties": {"facility_id": "P100000124020", "facility_type": "cement", "facility_name": "Orient Cement Devapur Cement Plant", "country": "India", "status": "operating", "capacity": 3.5, "coordinate_accuracy": "exact"}}, {"type": "Feature", "geometry": {"type": "Point", "coordinates": [77.132457, 17.108274]}, "properties": {"facility_id": "P100000124021", "facility_type": "cement", "facility_name": "Orient Cement Chittapur Cement Plant", "country": "India", "status": "operating", "capacity": 3.0, "coordinate_accuracy": "exact"}}, {"type": "Feature", "geometry": {"type": "Point", "coordinates": [75.683457, 21.021005]}, "properties": {"facility_id": "P100000124022", "facility_type": "cement", "facility_name": "Orient Cement Jalgaon Cement Plant", "country": "India", "status": "operating", "capacity": 2.0, "coordinate_accuracy": "exact"}}, {"type": "Feature", "geometry": {"type": "Point", "coordinates": [78.075824, 14.951422]}, "properties": {"facility_id": "P100000124023", "facility_type": "cement", "facility_name": "Ambuja Cements Talaricheruvu Cement Plant", "country": "India", "status": "operating", "capacity": 2.2, "coordinate_accuracy": "exact"}}, {"type": "Feature", "geometry": {"type": "Point", "coordinates": [77.504923, 17.296071]}, "properties": {"facility_id": "P100000124024", "facility_type": "cement", "facility_name": "Ambuja Cement Tandur Cement Plant", "country": "India", "status": "operating", "capacity": 2.0, "coordinate_accuracy": "exact"}}, {"type": "Feature", "geometry": {"type": "Point", "coordinates": [77.950937, 15.061606]}, "properties": {"facility_id": "P100000124025", "facility_type": "cement", "facility_name": "Ambuja Cements Anantapuram Cement Plant", "country": "India", "status": "operating", "capacity": 2.0, "coordinate_accuracy": "exact"}}, {"type": "Feature", "geometry": {"type": "Point", "coordinates": [79.694801, 16.718672]}, "properties": {"facility_id": "P100000124026", "facility_type": "cement", "facility_name": "Ambuja Cement Wadapally Cement Plant", "country": "India", "status": "operating", "capacity": 1.2, "coordinate_accuracy": "exact"}}, {"type": "Feature", "geometry": {"type": "Point", "coordinates": [74.484301, 18.473438]}, "properties": {"facility_id": "P100000124027", "facility_type": "cement", "facility_name": "Ambuja Cement Pune Cement Plant", "country": "India", "status": "operating", "capacity": 1.0, "coordinate_accuracy": "exact"}}, {"type": "Feature", "geometry": {"type": "Point", "coordinates": [80.11508, 14.27251]}, "properties": {"facility_id": "P100000124028", "facility_type": "cement", "facility_name": "Ambuja Cements Thamminapatnam Cement Plant", "country": "India", "status": "operating", "capacity": 4.0, "coordinate_accuracy": "exact"}}, {"type": "Feature", "geometry": {"type": "Point", "coordinates": [77.93196, 15.221793]}, "properties": {"facility_id": "P100000124029", "facility_type": "cement", "facility_name": "Rain Cements Kurnool Cement Plant", "country": "India", "status": "operating", "capacity": 2.8, "coordinate_accuracy": "exact"}}, {"type": "Feature", "geometry": {"type": "Point", "coordinates": [79.984596, 16.84395]}, "properties": {"facility_id": "P100000124030", "facility_type": "cement", "facility_name": "Rain Cements Ramapuram Cement Plant", "country": "India", "status": "operating", "capacity": 1.5, "coordinate_accuracy": "exact"}}, {"type": "Feature", "geometry": {"type": "Point", "coordinates": [79.08911, 11.177107]}, "properties": {"facility_id": "P100000124031", "facility_type": "cement", "facility_name": "Ramco Cements Govindapuram Cement Plant", "country": "India", "status": "operating", "capacity": 5.5, "coordinate_accuracy": "exact"}}, {"type": "Feature", "geometry": {"type": "Point", "coordinates": [80.1215, 16.875719]}, "properties": {"facility_id": "P100000124032", "facility_type": "cement", "facility_name": "RamCements Jayanthipuram Cement Plant", "country": "India", "status": "operating", "capacity": 3.65, "coordinate_accuracy": "exact"}}, {"type": "Feature", "geometry": {"type": "Point", "coordinates": [76.422107, 13.758783]}, "properties": {"facility_id": "P100000124033", "facility_type": "cement", "facility_name": "Ramco Cements Mathodu Cement Plant", "country": "India", "status": "operating", "capacity": 0.3, "coordinate_accuracy": "exact"}}, {"type": "Feature", "geometry": {"type": "Point", "coordinates": [79.232041, 11.361772]}, "properties": {"facility_id": "P100000124034", "facility_type": "cement", "facility_name": "Ramco Cements Alathiyur Cement Plant", "country": "India", "status": "operating", "capacity": 3.05, "coordinate_accuracy": "exact"}}, {"type": "Feature", "geometry": {"type": "Point", "coordinates": [77.927796, 9.455703]}, "properties": {"facility_id": "P100000124035", "facility_type": "cement", "facility_name": "Ramco Cements Tulukkapatti Cement Plant", "country": "India", "status": "operating", "capacity": 3.0, "coordinate_accuracy": "exact"}}, {"type": "Feature", "geometry": {"type": "Point", "coordinates": [87.862852, 22.423362]}, "properties": {"facility_id": "P100000124036", "facility_type": "cement", "facility_name": "Ramco Cements Kolaghat Cement Plant", "country": "India", "status": "operating", "capacity": 1.95, "coordinate_accuracy": "exact"}}, {"type": "Feature", "geometry": {"type": "Point", "coordinates": [78.403619, 11.634286]}, "properties": {"facility_id": "P100000124037", "facility_type": "cement", "facility_name": "Ramco Cements Salem Cement Plant", "country": "India", "status": "operating", "capacity": 2.0, "coordinate_accuracy": "exact"}}, {"type": "Feature", "geometry": {"type": "Point", "coordinates": [82.891222, 17.617542]}, "properties": {"facility_id": "P100000124038", "facility_type": "cement", "facility_name": "RamCements Vishakhapatnam Cement Plant", "country": "India", "status": "operating", "capacity": 2.0, "coordinate_accuracy": "exact"}}, {"type": "Feature", "geometry": {"type": "Point", "coordinates": [79.69946, 12.643418]}, "properties": {"facility_id": "P100000124039", "facility_type": "cement", "facility_name": "Ramco Cements Chengalpattu Cement Plant", "country": "India", "status": "operating", "capacity": 0.75, "coordinate_accuracy": "exact"}}, {"type": "Feature", "geometry": {"type": "Point", "coordinates": [79.862794, 16.766967]}, "properties": {"facility_id": "P100000124040", "facility_type": "cement", "facility_name": "Sagar Cements Mattampally Cement Plant", "country": "India", "status": "operating", "capacity": 3.0, "coordinate_accuracy": "exact"}}, {"type": "Feature", "geometry": {"type": "Point", "coordinates": [82.926289, 17.655559]}, "properties": {"facility_id": "P100000124042", "facility_type": "cement", "facility_name": "Sagar Cements Bayyavaram Cement Plant", "country": "India", "status": "operating", "capacity": 1.5, "coordinate_accuracy": "exact"}}, {"type": "Feature", "geometry": {"type": "Point", "coordinates": [74.380089, 26.081874]}, "properties": {"facility_id": "P100000124043", "facility_type": "cement", "facility_name": "Shree Cement Beawar Cement Plant", "country": "India", "status": "operating", "capacity": 3.6, "coordinate_accuracy": "exact"}}, {"type": "Feature", "geometry": {"type": "Point", "coordinates": [77.22044, 17.041739]}, "properties": {"facility_id": "P100000124044", "facility_type": "cement", "facility_name": "Shree Cement Benakanahalli Cement Plant", "country": "India", "status": "operating", "capacity": 4.0, "coordinate_accuracy": "exact"}}, {"type": "Feature", "geometry": {"type": "Point", "coordinates": [74.188744, 26.268063]}, "properties": {"facility_id": "P100000124045", "facility_type": "cement", "facility_name": "Shree Cement Ras Cement Plant", "country": "India", "status": "operating", "capacity": 4.4, "coordinate_accuracy": "exact"}}, {"type": "Feature", "geometry": {"type": "Point", "coordinates": [82.041492, 21.602223]}, "properties": {"facility_id": "P100000124046", "facility_type": "cement", "facility_name": "Shree Cement Raipur Cement Plant", "country": "India", "status": "operating", "capacity": 3.0, "coordinate_accuracy": "exact"}}, {"type": "Feature", "geometry": {"type": "Point", "coordinates": [78.062049, 29.758381]}, "properties": {"facility_id": "P100000124047", "facility_type": "cement", "facility_name": "Shree Cement Laksar Cement Plant", "country": "India", "status": "operating", "capacity": 1.8, "coordinate_accuracy": "exact"}}, {"type": "Feature", "geometry": {"type": "Point", "coordinates": [75.394888, 26.931614]}, "properties": {"facility_id": "P100000124048", "facility_type": "cement", "facility_name": "Shree Cement Jaipur Cement Plant", "country": "India", "status": "operating", "capacity": 1.5, "coordinate_accuracy": "exact"}}, {"type": "Feature", "geometry": {"type": "Point", "coordinates": [84.354352, 24.774342]}, "properties": {"facility_id": "P100000124049", "facility_type": "cement", "facility_name": "Shree Cement Aurangabad Cement Plant", "country": "India", "status": "operating", "capacity": 3.6, "coordinate_accuracy": "exact"}}, {"type": "Feature", "geometry": {"type": "Point", "coordinates": [77.658796, 28.480534]}, "properties": {"facility_id": "P100000124050", "facility_type": "cement", "facility_name": "Shree Cement Rajarampur Cement Plant", "country": "India", "status": "operating", "capacity": 2.0, "coordinate_accuracy": "exact"}}, {"type": "Feature", "geometry": {"type": "Point", "coordinates": [76.889313, 29.396089]}, "properties": {"facility_id": "P100000124051", "facility_type": "cement", "facility_name": "Shree Cement Panipat Cement Plant", "country": "India", "status": "operating", "capacity": 1.5, "coordinate_accuracy": "exact"}}, {"type": "Feature", "geometry": {"type": "Point", "coordinates": [76.777883, 28.121957]}, "properties": {"facility_id": "P100000124052", "facility_type": "cement", "facility_name": "Shree Cement Khushkhera Cement Plant", "country": "India", "status": "operating", "capacity": 3.5, "coordinate_accuracy": "exact"}}, {"type": "Feature", "geometry": {"type": "Point", "coordinates": [73.865416, 29.156732]}, "properties": {"facility_id": "P100000124053", "facility_type": "cement", "facility_name": "Shree Cement Suratgarh Cement Plant", "country": "India", "status": "operating", "capacity": 3.6, "coordinate_accuracy": "exact"}}, {"type": "Feature", "geometry": {"type": "Point", "coordinates": [85.85646, 22.753658]}, "properties": {"facility_id": "P100000124054", "facility_type": "cement", "facility_name": "Shree Cement Hansda Cement Plant", "country": "India", "status": "operating", "capacity": 3.0, "coordinate_accuracy": "exact"}}, {"type": "Feature", "geometry": {"type": "Point", "coordinates": [73.093914, 24.82232]}, "properties": {"facility_id": "P100000124055", "facility_type": "cement", "facility_name": "UltraTech Cement Sirohi Cement Plant", "country": "India", "status": "operating", "capacity": 4.85, "coordinate_accuracy": "exact"}}, {"type": "Feature", "geometry": {"type": "Point", "coordinates": [81.329448, 24.327418]}, "properties": {"facility_id": "P100000124056", "facility_type": "cement", "facility_name": "UltraTech Cement Sidhi Cement Plant", "country": "India", "status": "operating", "capacity": 3.5, "coordinate_accuracy": "exact"}}, {"type": "Feature", "geometry": {"type": "Point", "coordinates": [83.039567, 24.449401]}, "properties": {"facility_id": "P100000124057", "facility_type": "cement", "facility_name": "UltraTech Cement Dalla Cement Plant", "country": "India", "status": "operating", "capacity": 1.8, "coordinate_accuracy": "exact"}}, {"type": "Feature", "geometry": {"type": "Point", "coordinates": [81.169019, 24.528559]}, "properties": {"facility_id": "P100000124058", "facility_type": "cement", "facility_name": "UltraTech Cement Jaypee Puram Cement Plant", "country": "India", "status": "operating", "capacity": 2.5, "coordinate_accuracy": "exact"}}, {"type": "Feature", "geometry": {"type": "Point", "coordinates": [80.021716, 16.871085]}, "properties": {"facility_id": "P100000124059", "facility_type": "cement", "facility_name": "UltraTech Cement Budawada Cement Plant", "country": "India", "status": "operating", "capacity": 5.0, "coordinate_accuracy": "exact"}}, {"type": "Feature", "geometry": {"type": "Point", "coordinates": [77.176197, 17.141011]}, "properties": {"facility_id": "P100000124060", "facility_type": "cement", "facility_name": "UltraTech Cement Nrupathanga Cement Plant", "country": "India", "status": "operating", "capacity": 8.7, "coordinate_accuracy": "exact"}}, {"type": "Feature", "geometry": {"type": "Point", "coordinates": [74.609918, 24.765642]}, "properties": {"facility_id": "P100000124061", "facility_type": "cement", "facility_name": "UltraTech Cement Adityapuram Cement Plant", "country": "India", "status": "operating", "capacity": 8.0, "coordinate_accuracy": "exact"}}, {"type": "Feature", "geometry": {"type": "Point", "coordinates": [79.148964, 19.785699]}, "properties": {"facility_id": "P100000124062", "facility_type": "cement", "facility_name": "UltraTech Cement Chandrapur Cement Plant", "country": "India", "status": "operating", "capacity": 6.0, "coordinate_accuracy": "exact"}}, {"type": "Feature", "geometry": {"type": "Point", "coordinates": [71.397709, 20.868289]}, "properties": {"facility_id": "P100000124063", "facility_type": "cement", "facility_name": "UltraTech Cement Jafrabad Cement Plant", "country": "India", "status": "operating", "capacity": 1.45, "coordinate_accuracy": "exact"}}, {"type": "Feature", "geometry": {"type": "Point", "coordinates": [78.01432, 15.023021]}, "properties": {"facility_id": "P100000124064", "facility_type": "cement", "facility_name": "UltraTech Cement Tadipatri Cement Plant", "country": "India", "status": "operating", "capacity": 9.0, "coordinate_accuracy": "exact"}}, {"type": "Feature", "geometry": {"type": "Point", "coordinates": [81.947803, 21.545403]}, "properties": {"facility_id": "P100000124065", "facility_type": "cement", "facility_name": "UltraTech Cement Hirmi Cement Plant", "country": "India", "status": "operating", "capacity": 3.55, "coordinate_accuracy": "exact"}}, {"type": "Feature", "geometry": {"type": "Point", "coordinates": [74.803992, 24.578516]}, "properties": {"facility_id": "P100000124066", "facility_type": "cement", "facility_name": "UltraTech Cement Vikram Nagar Cement Plant", "country": "India", "status": "operating", "capacity": 6.67, "coordinate_accuracy": "exact"}}, {"type": "Feature", "geometry": {"type": "Point", "coordinates": [71.46093, 20.910015]}, "properties": {"facility_id": "P100000124067", "facility_type": "cement", "facility_name": "UltraTech Cement Amreli Cement Plant", "country": "India", "status": "operating", "capacity": 8.0, "coordinate_accuracy": "exact"}}, {"type": "Feature", "geometry": {"type": "Point", "coordinates": [76.128894, 27.668801]}, "properties": {"facility_id": "P100000124068", "facility_type": "cement", "facility_name": "UltraTech Cement Kotputli Cement Plant", "country": "India", "status": "operating", "capacity": 4.0, "coordinate_accuracy": "exact"}}, {"type": "Feature", "geometry": {"type": "Point", "coordinates": [73.684448, 26.606036]}, "properties": {"facility_id": "P100000124069", "facility_type": "cement", "facility_name": "UltraTech Cement Kharia Khangar Cement Plant", "country": "India", "status": "operating", "capacity": 1.4, "coordinate_accuracy": "exact"}}, {"type": "Feature", "geometry": {"type": "Point", "coordinates": [82.021174, 21.577059]}, "properties": {"facility_id": "P100000124070", "facility_type": "cement", "facility_name": "UltraTech Cement Rawan Cement Plant", "country": "India", "status": "operating", "capacity": 6.5, "coordinate_accuracy": "exact"}}, {"type": "Feature", "geometry": {"type": "Point", "coordinates": [79.172074, 11.105441]}, "properties": {"facility_id": "P100000124071", "facility_type": "cement", "facility_name": "UltraTech Cement Reddipalayam Cement Plant", "country": "India", "status": "operating", "capacity": 1.6, "coordinate_accuracy": "exact"}}, {"type": "Feature", "geometry": {"type": "Point", "coordinates": [68.712812, 23.42854]}, "properties": {"facility_id": "P100000124072", "facility_type": "cement", "facility_name": "UltraTech Cement Sewagram Cement Plant", "country": "India", "status": "operating", "capacity": 5.0, "coordinate_accuracy": "exact"}}, {"type": "Feature", "geometry": {"type": "Point", "coordinates": [76.894259, 31.3282]}, "properties": {"facility_id": "P100000124073", "facility_type": "cement", "facility_name": "UltraTech Cement Kandhar Cement Plant", "country": "India", "status": "operating", "capacity": 2.54, "coordinate_accuracy": "exact"}}, {"type": "Feature", "geometry": {"type": "Point", "coordinates": [75.131695, 22.266143]}, "properties": {"facility_id": "P100000124074", "facility_type": "cement", "facility_name": "UltraTech Cement Tonki Cement Plant", "country": "India", "status": "operating", "capacity": 5.2, "coordinate_accuracy": "exact"}}, {"type": "Feature", "geometry": {"type": "Point", "coordinates": [82.584652, 26.576623]}, "properties": {"facility_id": "P100000124075", "facility_type": "cement", "facility_name": "UltraTech Cement Ambedkar Nagar Cement Plant", "country": "India", "status": "operating", "capacity": 4.2, "coordinate_accuracy": "exact"}}, {"type": "Feature", "geometry": {"type": "Point", "coordinates": [76.629839, 31.197965]}, "properties": {"facility_id": "P100000124076", "facility_type": "cement", "facility_name": "UltraTech Cement Bagheri Cement Plant", "country": "India", "status": "operating", "capacity": 2.0, "coordinate_accuracy": "exact"}}, {"type": "Feature", "geometry": {"type": "Point", "coordinates": [73.360916, 22.86688]}, "properties": {"facility_id": "P100000124077", "facility_type": "cement", "facility_name": "UltraTech Cement Wanakbori Cement Plant", "country": "India", "status": "operating", "capacity": 3.0, "coordinate_accuracy": "exact"}}, {"type": "Feature", "geometry": {"type": "Point", "coordinates": [84.098455, 21.892175]}, "properties": {"facility_id": "P100000124078", "facility_type": "cement", "facility_name": "UltraTech Cement Dhutra Cement Plant", "country": "India", "status": "operating", "capacity": 2.6, "coordinate_accuracy": "exact"}}, {"type": "Feature", "geometry": {"type": "Point", "coordinates": [79.613393, 13.078557]}, "properties": {"facility_id": "P100000124079", "facility_type": "cement", "facility_name": "UltraTech Cement Arakkonam Cement Plant", "country": "India", "status": "operating", "capacity": 1.2, "coordinate_accuracy": "exact"}}, {"type": "Feature", "geometry": {"type": "Point", "coordinates": [88.26913, 22.726902]}, "properties": {"facility_id": "P100000124080", "facility_type": "cement", "facility_name": "UltraTech Cement Hooghly Cement Plant", "country": "India", "status": "operating", "capacity": 1.6, "coordinate_accuracy": "exact"}}, {"type": "Feature", "geometry": {"type": "Point", "coordinates": [76.263198, 15.352161]}, "properties": {"facility_id": "P100000124081", "facility_type": "cement", "facility_name": "UltraTech Cement Koppal Cement Plant", "country": "India", "status": "operating", "capacity": 1.3, "coordinate_accuracy": "exact"}}, {"type": "Feature", "geometry": {"type": "Point", "coordinates": [76.003405, 17.558229]}, "properties": {"facility_id": "P100000124082", "facility_type": "cement", "facility_name": "UltraTech Cement Hipale Cement Plant", "country": "India", "status": "operating", "capacity": 4.0, "coordinate_accuracy": "exact"}}, {"type": "Feature", "geometry": {"type": "Point", "coordinates": [76.36704, 28.505156]}, "properties": {"facility_id": "P100000124083", "facility_type": "cement", "facility_name": "UltraTech Cement Jhajjar Cement Plant", "country": "India", "status": "operating", "capacity": 1.8, "coordinate_accuracy": "exact"}}, {"type": "Feature", "geometry": {"type": "Point", "coordinates": [76.808284, 29.289373]}, "properties": {"facility_id": "P100000124084", "facility_type": "cement", "facility_name": "UltraTech Cement Panipat Cement Plant", "country": "India", "status": "operating", "capacity": 2.4, "coordinate_accuracy": "exact"}}, {"type": "Feature", "geometry": {"type": "Point", "coordinates": [78.136713, 27.989507]}, "properties": {"facility_id": "P100000124085", "facility_type": "cement", "facility_name": "UltraTech Cement Kasimpur Cement Plant", "country": "India", "status": "operating", "capacity": 1.3, "coordinate_accuracy": "exact"}}, {"type": "Feature", "geometry": {"type": "Point", "coordinates": [75.162379, 30.272417]}, "properties": {"facility_id": "P100000124086", "facility_type": "cement", "facility_name": "UltraTech Cement Bathinda Cement Plant", "country": "India", "status": "operating", "capacity": 2.0, "coordinate_accuracy": "exact"}}, {"type": "Feature", "geometry": {"type": "Point", "coordinates": [72.733044, 21.137147]}, "properties": {"facility_id": "P100000124087", "facility_type": "cement", "facility_name": "UltraTech Cement Magdalla Cement Plant", "country": "India", "status": "operating", "capacity": 2.0, "coordinate_accuracy": "exact"}}, {"type": "Feature", "geometry": {"type": "Point", "coordinates": [87.362242, 23.492432]}, "properties": {"facility_id": "P100000124088", "facility_type": "cement", "facility_name": "UltraTech Cement Durgapur Cement Plant", "country": "India", "status": "operating", "capacity": 5.0, "coordinate_accuracy": "exact"}}, {"type": "Feature", "geometry": {"type": "Point", "coordinates": [77.592701, 28.578002]}, "properties": {"facility_id": "P100000124089", "facility_type": "cement", "facility_name": "UltraTech Cement Salarpur Khadar Cement Plant", "country": "India", "status": "operating", "capacity": 1.3, "coordinate_accuracy": "exact"}}, {"type": "Feature", "geometry": {"type": "Point", "coordinates": [73.303187, 17.0013]}, "properties": {"facility_id": "P100000124090", "facility_type": "cement", "facility_name": "UltraTech Cement Ratnagiri Cement Plant", "country": "India", "status": "operating", "capacity": 0.48, "coordinate_accuracy": "exact"}}, {"type": "Feature", "geometry": {"type": "Point", "coordinates": [80.650487, 23.680882]}, "properties": {"facility_id": "P100000124091", "facility_type": "cement", "facility_name": "UltraTech Cement Katni Cement Plant", "country": "India", "status": "operating", "capacity": 2.0, "coordinate_accuracy": "exact"}}, {"type": "Feature", "geometry": {"type": "Point", "coordinates": [79.370573, 21.249633]}, "properties": {"facility_id": "P100000124092", "facility_type": "cement", "facility_name": "UltraTech Cement Nagpur Cement Plant", "country": "India", "status": "operating", "capacity": 2.6, "coordinate_accuracy": "exact"}}, {"type": "Feature", "geometry": {"type": "Point", "coordinates": [85.292394, 25.395551]}, "properties": {"facility_id": "P100000124093", "facility_type": "cement", "facility_name": "UltraTech Cement Patliputra Cement Plant", "country": "India", "status": "operating", "capacity": 4.7, "coordinate_accuracy": "exact"}}, {"type": "Feature", "geometry": {"type": "Point", "coordinates": [77.812058, 29.888977]}, "properties": {"facility_id": "P100000124094", "facility_type": "cement", "facility_name": "UltraTech Cement Roorkee Cement Plant", "country": "India", "status": "operating", "capacity": 2.5, "coordinate_accuracy": "exact"}}, {"type": "Feature", "geometry": {"type": "Point", "coordinates": [77.666031, 28.469413]}, "properties": {"facility_id": "P100000124095", "facility_type": "cement", "facility_name": "UltraTech Cement Sikandrabad Cement Plant", "country": "India", "status": "operating", "capacity": 1.0, "coordinate_accuracy": "exact"}}, {"type": "Feature", "geometry": {"type": "Point", "coordinates": [78.579757, 14.586917]}, "properties": {"facility_id": "P100000124096", "facility_type": "cement", "facility_name": "Bharathi Cement Corporation Kadapa Cement Plant", "country": "India", "status": "operating", "capacity": 5.0, "coordinate_accuracy": "exact"}}, {"type": "Feature", "geometry": {"type": "Point", "coordinates": [77.43615, 17.303447]}, "properties": {"facility_id": "P100000124097", "facility_type": "cement", "facility_name": "Kalburgi Cement Chatarsal Cement Plant", "country": "India", "status": "operating", "capacity": 2.75, "coordinate_accuracy": "exact"}}, {"type": "Feature", "geometry": {"type": "Point", "coordinates": [69.834138, 22.429021]}, "properties": {"facility_id": "P100000124098", "facility_type": "cement", "facility_name": "Shree Digvijay Cement Company Sikka Cement Plant", "country": "India", "status": "operating", "capacity": 3.0, "coordinate_accuracy": "exact"}}, {"type": "Feature", "geometry": {"type": "Point", "coordinates": [79.702465, 16.648359]}, "properties": {"facility_id": "P100000124099", "facility_type": "cement", "facility_name": "Andhra Cements Dachepalli Cement Plant", "country": "India", "status": "operating", "capacity": 3.0, "coordinate_accuracy": "exact"}}, {"type": "Feature", "geometry": {"type": "Point", "coordinates": [80.014024, 16.767007]}, "properties": {"facility_id": "P100000124100", "facility_type": "cement", "facility_name": "Anjani Portland Cement Nalgonda Cement Plant", "country": "India", "status": "operating", "capacity": 2.13, "coordinate_accuracy": "exact"}}, {"type": "Feature", "geometry": {"type": "Point", "coordinates": [75.681411, 16.17713]}, "properties": {"facility_id": "P100000124101", "facility_type": "cement", "facility_name": "Bagalkot Cement and Industries Bagalkot Cement Plant", "country": "India", "status": "operating", "capacity": 0.6, "coordinate_accuracy": "exact"}}, {"type": "Feature", "geometry": {"type": "Point", "coordinates": [92.582104, 24.865722]}, "properties": {"facility_id": "P100000124102", "facility_type": "cement", "facility_name": "Barak Valley Cements Badarpur Cement Plant", "country": "India", "status": "operating", "capacity": 0.37, "coordinate_accuracy": "exact"}}, {"type": "Feature", "geometry": {"type": "Point", "coordinates": [79.81512, 16.654684]}, "properties": {"facility_id": "P100000124103", "facility_type": "cement", "facility_name": "Bhavya Cements Guntur Cement Plant", "country": "India", "status": "operating", "capacity": 1.4, "coordinate_accuracy": "exact"}}, {"type": "Feature", "geometry": {"type": "Point", "coordinates": [92.345654, 25.242787]}, "properties": {"facility_id": "P100000124106", "facility_type": "cement", "facility_name": "Amrit Cement East Jaintia Hills Cement Plant", "country": "India", "status": "operating", "capacity": 1.5, "coordinate_accuracy": "exact"}}, {"type": "Feature", "geometry": {"type": "Point", "coordinates": [75.889485, 25.134755]}, "properties": {"facility_id": "P100000124107", "facility_type": "cement", "facility_name": "DCM Shriram Kota Cement Plant", "country": "India", "status": "operating", "capacity": 0.44, "coordinate_accuracy": "exact"}}, {"type": "Feature", "geometry": {"type": "Point", "coordinates": [79.711104, 16.711862]}, "properties": {"facility_id": "P100000124108", "facility_type": "cement", "facility_name": "Deccan Cements Wadapally Cement Plant", "country": "India", "status": "operating", "capacity": 4.0, "coordinate_accuracy": "exact"}}, {"type": "Feature", "geometry": {"type": "Point", "coordinates": [92.390906, 25.240013]}, "properties": {"facility_id": "P100000124109", "facility_type": "cement", "facility_name": "Green Valliey Industries Chiehruphi Cement Plant", "country": "India", "status": "operating", "capacity": 0.47, "coordinate_accuracy": "exact"}}, {"type": "Feature", "geometry": {"type": "Point", "coordinates": [70.564701, 20.867858]}, "properties": {"facility_id": "P100000124110", "facility_type": "cement", "facility_name": "Saurashtra Cement Sutrapada Cement Plant", "country": "India", "status": "operating", "capacity": 1.2, "coordinate_accuracy": "exact"}}, {"type": "Feature", "geometry": {"type": "Point", "coordinates": [92.388161, 25.225076]}, "properties": {"facility_id": "P100000124111", "facility_type": "cement", "facility_name": "Hills Cement East Jaintia Hills Cement Plant", "country": "India", "status": "operating", "capacity": 1.0, "coordinate_accuracy": "exact"}}, {"type": "Feature", "geometry": {"type": "Point", "coordinates": [92.400015, 25.192405]}, "properties": {"facility_id": "P100000124112", "facility_type": "cement", "facility_name": "JUD Cements East Jaintia Hills Cement Plant", "country": "India", "status": "operating", "capacity": 0.5, "coordinate_accuracy": "exact"}}, {"type": "Feature", "geometry": {"type": "Point", "coordinates": [75.015643, 34.032635]}, "properties": {"facility_id": "P100000124113", "facility_type": "cement", "facility_name": "Jammu & Kashmir Cements Khrew Cement Plant", "country": "India", "status": "operating", "capacity": 0.4, "coordinate_accuracy": "exact"}}, {"type": "Feature", "geometry": {"type": "Point", "coordinates": [79.912905, 16.798253]}, "properties": {"facility_id": "P100000124114", "facility_type": "cement", "facility_name": "Keerthi Industries Nalgonda Cement Plant", "country": "India", "status": "operating", "capacity": 0.69, "coordinate_accuracy": "exact"}}, {"type": "Feature", "geometry": {"type": "Point", "coordinates": [75.110342, 32.554584]}, "properties": {"facility_id": "P100000124116", "facility_type": "cement", "facility_name": "Jammu & Kashmir Cements Samba Cement Plant", "country": "India", "status": "operating", "capacity": 0.11, "coordinate_accuracy": "approximate"}}, {"type": "Feature", "geometry": {"type": "Point", "coordinates": [74.975355, 34.077497]}, "properties": {"facility_id": "P100000124117", "facility_type": "cement", "facility_name": "Khyber Industries Khunmoh Cement Plant", "country": "India", "status": "operating", "capacity": 0.58, "coordinate_accuracy": "exact"}}, {"type": "Feature", "geometry": {"type": "Point", "coordinates": [75.953886, 24.71512]}, "properties": {"facility_id": "P100000124118", "facility_type": "cement", "facility_name": "Mangalam Cement Chonsala Cement Plant", "country": "India", "status": "operating", "capacity": 3.25, "coordinate_accuracy": "exact"}}, {"type": "Feature", "geometry": {"type": "Point", "coordinates": [79.450065, 18.8943]}, "properties": {"facility_id": "P100000124119", "facility_type": "cement", "facility_name": "Mancherial Cement Company Mancherial Cement Plant", "country": "India", "status": "retired", "capacity": 0.37, "coordinate_accuracy": "exact"}}, {"type": "Feature", "geometry": {"type": "Point", "coordinates": [92.383684, 25.204735]}, "properties": {"facility_id": "P100000124120", "facility_type": "cement", "facility_name": "Meghalaya Cements Umbadoh Cement Plant", "country": "India", "status": "operating", "capacity": 0.95, "coordinate_accuracy": "exact"}}, {"type": "Feature", "geometry": {"type": "Point", "coordinates": [78.210468, 15.50002]}, "properties": {"facility_id": "P100000124121", "facility_type": "cement", "facility_name": "Panyam Cements & Mineral Industries Kurnool Cement Plant", "country": "India", "status": "operating", "capacity": 1.35, "coordinate_accuracy": "exact"}}, {"type": "Feature", "geometry": {"type": "Point", "coordinates": [79.502704, 16.624455]}, "properties": {"facility_id": "P100000124122", "facility_type": "cement", "facility_name": "Parasakti Cement Industries Goli Cement Plant", "country": "India", "status": "operating", "capacity": 1.26, "coordinate_accuracy": "exact"}}, {"type": "Feature", "geometry": {"type": "Point", "coordinates": [81.000297, 24.565681]}, "properties": {"facility_id": "P100000124123", "facility_type": "cement", "facility_name": "Prism Johnson Mankahari Cement Plant", "country": "India", "status": "operating", "capacity": 6.6, "coordinate_accuracy": "exact"}}, {"type": "Feature", "geometry": {"type": "Point", "coordinates": [68.578098, 23.49822]}, "properties": {"facility_id": "P100000124124", "facility_type": "cement", "facility_name": "Sanghi Industries Hothiay Cement Plant", "country": "India", "status": "operating", "capacity": 6.1, "coordinate_accuracy": "exact"}}, {"type": "Feature", "geometry": {"type": "Point", "coordinates": [69.719992, 21.704422]}, "properties": {"facility_id": "P100000124125", "facility_type": "cement", "facility_name": "Saurashtra Cement Porbandar Cement Plant", "country": "India", "status": "operating", "capacity": 3.06, "coordinate_accuracy": "exact"}}, {"type": "Feature", "geometry": {"type": "Point", "coordinates": [78.219484, 15.364101]}, "properties": {"facility_id": "P100000124127", "facility_type": "cement", "facility_name": "Sree Jayajothi Cements Yanakandla Cement Plant", "country": "India", "status": "operating", "capacity": 3.2, "coordinate_accuracy": "exact"}}, {"type": "Feature", "geometry": {"type": "Point", "coordinates": [79.723973, 16.380772]}, "properties": {"facility_id": "P100000124128", "facility_type": "cement", "facility_name": "Sri Chakra Cement Guntur Cement Plant", "country": "India", "status": "operating", "capacity": 0.31, "coordinate_accuracy": "exact"}}, {"type": "Feature", "geometry": {"type": "Point", "coordinates": [79.881588, 16.734616]}, "properties": {"facility_id": "P100000124129", "facility_type": "cement", "facility_name": "Sri Lalita Cement Industries Nalgonda Cement Plant", "country": "India", "status": "operating", "capacity": 1.0, "coordinate_accuracy": "exact"}}, {"type": "Feature", "geometry": {"type": "Point", "coordinates": [92.390338, 25.177887]}, "properties": {"facility_id": "P100000124130", "facility_type": "cement", "facility_name": "Star Cement East Jaintia Hills Cement Plant", "country": "India", "status": "operating", "capacity": 2.8, "coordinate_accuracy": "exact"}}, {"type": "Feature", "geometry": {"type": "Point", "coordinates": [77.678857, 9.374599]}, "properties": {"facility_id": "P100000124131", "facility_type": "cement", "facility_name": "Tamilnadu Cements Corporation Alangalum Cement Plant", "country": "India", "status": "operating", "capacity": 0.4, "coordinate_accuracy": "exact"}}, {"type": "Feature", "geometry": {"type": "Point", "coordinates": [69.020015, 22.400932]}, "properties": {"facility_id": "P100000124132", "facility_type": "cement", "facility_name": "Tata Chemicals Mithapur Cement Plant", "country": "India", "status": "operating", "capacity": 0.5, "coordinate_accuracy": "exact"}}, {"type": "Feature", "geometry": {"type": "Point", "coordinates": [82.973488, 18.407977]}, "properties": {"facility_id": "P100000124133", "facility_type": "cement", "facility_name": "Toshali Cements Ampaballi Cement Plant", "country": "India", "status": "operating", "capacity": 0.6, "coordinate_accuracy": "exact"}}, {"type": "Feature", "geometry": {"type": "Point", "coordinates": [73.8752, 24.657581]}, "properties": {"facility_id": "P100000124134", "facility_type": "cement", "facility_name": "Udaipur Cement Works Udaipur Cement Plant", "country": "India", "status": "operating", "capacity": 4.7, "coordinate_accuracy": "exact"}}, {"type": "Feature", "geometry": {"type": "Point", "coordinates": [74.632446, 24.661883]}, "properties": {"facility_id": "P100000124135", "facility_type": "cement", "facility_name": "Wonder Cement Phachar Aheeran Cement Plant", "country": "India", "status": "operating", "capacity": 21.5, "coordinate_accuracy": "exact"}}, {"type": "Feature", "geometry": {"type": "Point", "coordinates": [68.569134, 23.383686]}, "properties": {"facility_id": "P100000124136", "facility_type": "cement", "facility_name": "Sanghi Industries Kutch Cement Plant", "country": "India", "status": "operating", "capacity": null, "coordinate_accuracy": "exact"}}, {"type": "Feature", "geometry": {"type": "Point", "coordinates": [83.075826, 24.44605]}, "properties": {"facility_id": "P100000124137", "facility_type": "cement", "facility_name": "UltraTech Cement Vilemar Kundi Cement Plant", "country": "India", "status": "operating", "capacity": 2.01, "coordinate_accuracy": "exact"}}, {"type": "Feature", "geometry": {"type": "Point", "coordinates": [74.026419, 15.49227]}, "properties": {"facility_id": "P100000124139", "facility_type": "cement", "facility_name": "Alcon Cement Company Surla Cement Plant", "country": "India", "status": "operating", "capacity": 0.18, "coordinate_accuracy": "exact"}}, {"type": "Feature", "geometry": {"type": "Point", "coordinates": [83.194711, 17.763951]}, "properties": {"facility_id": "P100000124140", "facility_type": "cement", "facility_name": "Andhra Cements Visakhapatnam Cement Plant", "country": "India", "status": "operating", "capacity": 0.54, "coordinate_accuracy": "exact"}}, {"type": "Feature", "geometry": {"type": "Point", "coordinates": [75.728868, 27.693977]}, "properties": {"facility_id": "P100000124141", "facility_type": "cement", "facility_name": "UltraTech Cement Neem Ka Thana Cement Plant", "country": "India", "status": "operating", "capacity": 2.2, "coordinate_accuracy": "exact"}}, {"type": "Feature", "geometry": {"type": "Point", "coordinates": [83.154501, 17.709591]}, "properties": {"facility_id": "P100000124142", "facility_type": "cement", "facility_name": "ACC Visakhapatnam Cement Plant", "country": "India", "status": "operating", "capacity": 0.3, "coordinate_accuracy": "exact"}}, {"type": "Feature", "geometry": {"type": "Point", "coordinates": [79.426251, 23.863185]}, "properties": {"facility_id": "P100000124143", "facility_type": "cement", "facility_name": "HeidelbergCement India Imlai Cement Plant", "country": "India", "status": "operating", "capacity": 2.0, "coordinate_accuracy": "exact"}}, {"type": "Feature", "geometry": {"type": "Point", "coordinates": [81.361747, 21.184966]}, "properties": {"facility_id": "P100000124144", "facility_type": "cement", "facility_name": "Bhilai Jaypee Cement Bhilai Cement Plant", "country": "India", "status": "operating", "capacity": 2.2, "coordinate_accuracy": "exact"}}, {"type": "Feature", "geometry": {"type": "Point", "coordinates": [82.902584, 25.087704]}, "properties": {"facility_id": "P100000124145", "facility_type": "cement", "facility_name": "Jaypee Cement Corp Chunar Cement Plant", "country": "India", "status": "mothballed", "capacity": 2.5, "coordinate_accuracy": "exact"}}, {"type": "Feature", "geometry": {"type": "Point", "coordinates": [81.781506, 25.229553]}, "properties": {"facility_id": "P100000124146", "facility_type": "cement", "facility_name": "Jaypee Cement Corp Prayagraj Cement Plant", "country": "India", "status": "mothballed", "capacity": 0.6, "coordinate_accuracy": "exact"}}, {"type": "Feature", "geometry": {"type": "Point", "coordinates": [87.015888, 22.392435]}, "properties": {"facility_id": "P100000124147", "facility_type": "cement", "facility_name": "Rashmi Cement Jhargram Cement Plant", "country": "India", "status": "operating", "capacity": 2.0, "coordinate_accuracy": "exact"}}, {"type": "Feature", "geometry": {"type": "Point", "coordinates": [83.275178, 18.017317]}, "properties": {"facility_id": "P100000124148", "facility_type": "cement", "facility_name": "Sri Chakra Cement Annamarajupet Cement Plant", "country": "India", "status": "operating", "capacity": 0.26, "coordinate_accuracy": "exact"}}, {"type": "Feature", "geometry": {"type": "Point", "coordinates": [76.510421, 9.559566]}, "properties": {"facility_id": "P100000124149", "facility_type": "cement", "facility_name": "Travancore Cements Kottayam Cement Plant", "country": "India", "status": "operating", "capacity": 0.08, "coordinate_accuracy": "exact"}}, {"type": "Feature", "geometry": {"type": "Point", "coordinates": [73.030851, 18.992068]}, "properties": {"facility_id": "P100000124150", "facility_type": "cement", "facility_name": "Ambuja Cements Moha Cement Plant", "country": "India", "status": "operating", "capacity": null, "coordinate_accuracy": "exact"}}, {"type": "Feature", "geometry": {"type": "Point", "coordinates": [78.08159, 27.960795]}, "properties": {"facility_id": "P100000124151", "facility_type": "cement", "facility_name": "Mangalam Cement Chherat Cement Plant", "country": "India", "status": "operating", "capacity": 1.95, "coordinate_accuracy": "exact"}}, {"type": "Feature", "geometry": {"type": "Point", "coordinates": [76.629773, 31.037155]}, "properties": {"facility_id": "P100000124152", "facility_type": "cement", "facility_name": "ACC Nalagarh Cement Plant", "country": "India", "status": "operating", "capacity": 1.3, "coordinate_accuracy": "exact"}}, {"type": "Feature", "geometry": {"type": "Point", "coordinates": [86.916351, 23.699805]}, "properties": {"facility_id": "P100000124153", "facility_type": "cement", "facility_name": "Burnpur Cement Asansol Cement Plant", "country": "India", "status": "operating", "capacity": 0.37, "coordinate_accuracy": "exact"}}, {"type": "Feature", "geometry": {"type": "Point", "coordinates": [76.945424, 17.136362]}, "properties": {"facility_id": "P100000124154", "facility_type": "cement", "facility_name": "Jaypee Cement Corp Shahabad Rural Cement Plant", "country": "India", "status": "operating", "capacity": 1.2, "coordinate_accuracy": "exact"}}, {"type": "Feature", "geometry": {"type": "Point", "coordinates": [75.069761, 22.419728]}, "properties": {"facility_id": "P100000124155", "facility_type": "cement", "facility_name": "M/s Satguru Cement Jeerabad Cement Plant", "country": "India", "status": "operating", "capacity": 0.95, "coordinate_accuracy": "exact"}}, {"type": "Feature", "geometry": {"type": "Point", "coordinates": [91.710717, 25.26056]}, "properties": {"facility_id": "P100000124158", "facility_type": "cement", "facility_name": "Mawmluh-Cherra Cements Cherrapunji\u200e Cement Plant", "country": "India", "status": "retired", "capacity": 0.17, "coordinate_accuracy": "exact"}}, {"type": "Feature", "geometry": {"type": "Point", "coordinates": [74.850639, 21.152727]}, "properties": {"facility_id": "P100000124473", "facility_type": "cement", "facility_name": "UltraTech Cement Dhule Cement Plant", "country": "India", "status": "operating", "capacity": 1.8, "coordinate_accuracy": "exact"}}, {"type": "Feature", "geometry": {"type": "Point", "coordinates": [87.280232, 22.32771]}, "properties": {"facility_id": "P100000124489", "facility_type": "cement", "facility_name": "ACC Kharagpur Cement Plant", "country": "India", "status": "announced", "capacity": 1.5, "coordinate_accuracy": "approximate"}}, {"type": "Feature", "geometry": {"type": "Point", "coordinates": [92.932658, 26.533147]}, "properties": {"facility_id": "P100000124505", "facility_type": "cement", "facility_name": "Atibal Cement Hatigaon Cement Plant", "country": "India", "status": "operating", "capacity": 1.0, "coordinate_accuracy": "exact"}}, {"type": "Feature", "geometry": {"type": "Point", "coordinates": [73.817206, 27.080518]}, "properties": {"facility_id": "P100000124506", "facility_type": "cement", "facility_name": "Ambuja Cements Marwar Mundwa Cement Plant", "country": "India", "status": "operating", "capacity": 2.4, "coordinate_accuracy": "exact"}}, {"type": "Feature", "geometry": {"type": "Point", "coordinates": [76.716928, 30.423781]}, "properties": {"facility_id": "P100000124507", "facility_type": "cement", "facility_name": "Asian Fine Cements Rajpura Cement Plant", "country": "India", "status": "operating", "capacity": 1.5, "coordinate_accuracy": "exact"}}, {"type": "Feature", "geometry": {"type": "Point", "coordinates": [86.380854, 23.345568]}, "properties": {"facility_id": "P100000124508", "facility_type": "cement", "facility_name": "Bharat Cements Purulia Cement Plant", "country": "India", "status": "operating", "capacity": 0.45, "coordinate_accuracy": "exact"}}, {"type": "Feature", "geometry": {"type": "Point", "coordinates": [79.757446, 16.546133]}, "properties": {"facility_id": "P100000124509", "facility_type": "cement", "facility_name": "Chettinad Cement Corporation Dachepalli Cement Plant", "country": "India", "status": "operating", "capacity": 2.1, "coordinate_accuracy": "exact"}}, {"type": "Feature", "geometry": {"type": "Point", "coordinates": [82.89193, 17.620945]}, "properties": {"facility_id": "P100000124510", "facility_type": "cement", "facility_name": "Chettinad Cement Corporation Kasimkota Mandal Cement Plant", "country": "India", "status": "operating", "capacity": 2.0, "coordinate_accuracy": "exact"}}, {"type": "Feature", "geometry": {"type": "Point", "coordinates": [83.989092, 24.67038]}, "properties": {"facility_id": "P100000124511", "facility_type": "cement", "facility_name": "Dalmia Banjari Cement Plant", "country": "India", "status": "operating", "capacity": 1.6, "coordinate_accuracy": "exact"}}, {"type": "Feature", "geometry": {"type": "Point", "coordinates": [77.920648, 9.272589]}, "properties": {"facility_id": "P100000124512", "facility_type": "cement", "facility_name": "Dalmia Bharat Green Vision Sattur Taluk Cement Plant", "country": "India", "status": "operating", "capacity": 2.0, "coordinate_accuracy": "exact"}}, {"type": "Feature", "geometry": {"type": "Point", "coordinates": [87.260153, 23.559664]}, "properties": {"facility_id": "P100000124513", "facility_type": "cement", "facility_name": "Jagdamba Industries Durgapur Cement Plant", "country": "India", "status": "operating", "capacity": 0.18, "coordinate_accuracy": "exact"}}, {"type": "Feature", "geometry": {"type": "Point", "coordinates": [85.64737, 25.868345]}, "properties": {"facility_id": "P100000124514", "facility_type": "cement", "facility_name": "Duratech Cements India Samastipur Cement Plant", "country": "India", "status": "operating", "capacity": 0.8, "coordinate_accuracy": "exact"}}, {"type": "Feature", "geometry": {"type": "Point", "coordinates": [80.14806, 16.811331]}, "properties": {"facility_id": "P100000124515", "facility_type": "cement", "facility_name": "Hemadri Cements Jaggayyapet Mandal Cement Plant", "country": "India", "status": "operating", "capacity": 0.66, "coordinate_accuracy": "exact"}}, {"type": "Feature", "geometry": {"type": "Point", "coordinates": [70.705341, 21.912175]}, "properties": {"facility_id": "P100000124516", "facility_type": "cement", "facility_name": "Hi-Bond Cement (India) Patidad Cement Plant", "country": "India", "status": "operating", "capacity": 3.2, "coordinate_accuracy": "exact"}}, {"type": "Feature", "geometry": {"type": "Point", "coordinates": [83.338243, 21.911097]}, "properties": {"facility_id": "P100000124518", "facility_type": "cement", "facility_name": "Jindal Steel & Power Raigarh Cement Plant", "country": "India", "status": "operating", "capacity": 1.0, "coordinate_accuracy": "exact"}}, {"type": "Feature", "geometry": {"type": "Point", "coordinates": [80.564986, 17.186706]}, "properties": {"facility_id": "P100000124521", "facility_type": "cement", "facility_name": "Kakatiya Cement Sugar & Industries Dondapadu Cement Plant", "country": "India", "status": "mothballed", "capacity": 0.3, "coordinate_accuracy": "exact"}}, {"type": "Feature", "geometry": {"type": "Point", "coordinates": [80.555397, 23.728502]}, "properties": {"facility_id": "P100000124522", "facility_type": "cement", "facility_name": "JK Cement Katni Cement Plant", "country": "India", "status": "operating", "capacity": 2.0, "coordinate_accuracy": "exact"}}, {"type": "Feature", "geometry": {"type": "Point", "coordinates": [79.964314, 24.327843]}, "properties": {"facility_id": "P100000124524", "facility_type": "cement", "facility_name": "JK Cement Panna Cement Plant", "country": "India", "status": "operating", "capacity": 2.0, "coordinate_accuracy": "exact"}}, {"type": "Feature", "geometry": {"type": "Point", "coordinates": [77.24196, 28.749911]}, "properties": {"facility_id": "P100000124525", "facility_type": "cement", "facility_name": "Kamdhenu Cement Sabhapur Cement Plant", "country": "India", "status": "operating", "capacity": 1.5, "coordinate_accuracy": "approximate"}}, {"type": "Feature", "geometry": {"type": "Point", "coordinates": [81.568158, 25.200427]}, "properties": {"facility_id": "P100000124526", "facility_type": "cement", "facility_name": "JK Cement Bara Cement Plant", "country": "India", "status": "construction", "capacity": 2.5, "coordinate_accuracy": "exact"}}, {"type": "Feature", "geometry": {"type": "Point", "coordinates": [85.739078, 20.535071]}, "properties": {"facility_id": "P100000124527", "facility_type": "cement", "facility_name": "JK Lakshmi Cement Cuttack Cement Plant", "country": "India", "status": "operating", "capacity": 0.8, "coordinate_accuracy": "exact"}}, {"type": "Feature", "geometry": {"type": "Point", "coordinates": [86.038945, 20.95429]}, "properties": {"facility_id": "P100000124528", "facility_type": "cement", "facility_name": "JSW Cement Jajpur Cement Plant", "country": "India", "status": "operating", "capacity": 1.5, "coordinate_accuracy": "exact"}}, {"type": "Feature", "geometry": {"type": "Point", "coordinates": [82.022032, 26.070363]}, "properties": {"facility_id": "P100000124529", "facility_type": "cement", "facility_name": "Kanodia Cement Amethi Cement Plant", "country": "India", "status": "operating", "capacity": 1.5, "coordinate_accuracy": "approximate"}}, {"type": "Feature", "geometry": {"type": "Point", "coordinates": [83.444889, 25.213969]}, "properties": {"facility_id": "P100000124530", "facility_type": "cement", "facility_name": "Kanodia Cement Bhabua Cement Plant", "country": "India", "status": "operating", "capacity": 1.2, "coordinate_accuracy": "exact"}}, {"type": "Feature", "geometry": {"type": "Point", "coordinates": [77.8281, 28.416154]}, "properties": {"facility_id": "P100000124531", "facility_type": "cement", "facility_name": "Kanodia Cement Bulandshahar Cement Plant", "country": "India", "status": "operating", "capacity": 1.5, "coordinate_accuracy": "approximate"}}, {"type": "Feature", "geometry": {"type": "Point", "coordinates": [77.657659, 28.492139]}, "properties": {"facility_id": "P100000124532", "facility_type": "cement", "facility_name": "Kanodia Cement Sikandrabad Cement Plant", "country": "India", "status": "operating", "capacity": 1.6, "coordinate_accuracy": "exact"}}, {"type": "Feature", "geometry": {"type": "Point", "coordinates": [79.627275, 13.716239]}, "properties": {"facility_id": "P100000124534", "facility_type": "cement", "facility_name": "Srikalahasthi Pipes Rachagunneri Cement Plant", "country": "India", "status": "operating", "capacity": 0.09, "coordinate_accuracy": "exact"}}, {"type": "Feature", "geometry": {"type": "Point", "coordinates": [83.072438, 25.243225]}, "properties": {"facility_id": "P100000124535", "facility_type": "cement", "facility_name": "Powercon Cement Chandauli Cement Plant", "country": "India", "status": "operating", "capacity": 0.18, "coordinate_accuracy": "exact"}}, {"type": "Feature", "geometry": {"type": "Point", "coordinates": [91.883283, 26.06127]}, "properties": {"facility_id": "P100000124536", "facility_type": "cement", "facility_name": "Purbanchal Cement Sarutari Cement Plant", "country": "India", "status": "operating", "capacity": 0.73, "coordinate_accuracy": "exact"}}, {"type": "Feature", "geometry": {"type": "Point", "coordinates": [80.694219, 24.169434]}, "properties": {"facility_id": "P100000124537", "facility_type": "cement", "facility_name": "RCCPL Maihar Cement Plant", "country": "India", "status": "operating", "capacity": 5.0, "coordinate_accuracy": "exact"}}, {"type": "Feature", "geometry": {"type": "Point", "coordinates": [78.866069, 19.800621]}, "properties": {"facility_id": "P100000124538", "facility_type": "cement", "facility_name": "RCCPL Mukutban Cement Plant", "country": "India", "status": "operating", "capacity": 3.9, "coordinate_accuracy": "exact"}}, {"type": "Feature", "geometry": {"type": "Point", "coordinates": [91.911042, 25.663833]}, "properties": {"facility_id": "P100000124539", "facility_type": "cement", "facility_name": "RNB Cements Umiam Cement Plant", "country": "India", "status": "operating", "capacity": 0.44, "coordinate_accuracy": "exact"}}, {"type": "Feature", "geometry": {"type": "Point", "coordinates": [75.074987, 22.386686]}, "properties": {"facility_id": "P100000124540", "facility_type": "cement", "facility_name": "Sagar Cements Jeerabad Cement Plant", "country": "India", "status": "operating", "capacity": 1.5, "coordinate_accuracy": "exact"}}, {"type": "Feature", "geometry": {"type": "Point", "coordinates": [84.414682, 22.228248]}, "properties": {"facility_id": "P100000124541", "facility_type": "cement", "facility_name": "Shiva Cement Kutra Cement Plant", "country": "India", "status": "operating", "capacity": null, "coordinate_accuracy": "exact"}}, {"type": "Feature", "geometry": {"type": "Point", "coordinates": [75.335504, 27.792137]}, "properties": {"facility_id": "P100000124544", "facility_type": "cement", "facility_name": "Shree Cement Nawalgarh Cement Plant", "country": "India", "status": "operating", "capacity": 3.5, "coordinate_accuracy": "exact"}}, {"type": "Feature", "geometry": {"type": "Point", "coordinates": [92.003628, 26.132494]}, "properties": {"facility_id": "P100000124626", "facility_type": "cement", "facility_name": "Star Cement Guwahati Cement Plant", "country": "India", "status": "operating", "capacity": 2.0, "coordinate_accuracy": "exact"}}, {"type": "Feature", "geometry": {"type": "Point", "coordinates": [88.675118, 26.527049]}, "properties": {"facility_id": "P100000124627", "facility_type": "cement", "facility_name": "Star Cement Siliguri Cement Plant", "country": "India", "status": "operating", "capacity": 2.0, "coordinate_accuracy": "exact"}}, {"type": "Feature", "geometry": {"type": "Point", "coordinates": [79.098187, 11.146109]}, "properties": {"facility_id": "P100000124628", "facility_type": "cement", "facility_name": "Tamilnadu Cements Corporation Ariyalur 1 Cement Plant", "country": "India", "status": "operating", "capacity": 1.63, "coordinate_accuracy": "exact"}}, {"type": "Feature", "geometry": {"type": "Point", "coordinates": [79.098187, 11.146109]}, "properties": {"facility_id": "P100000124629", "facility_type": "cement", "facility_name": "Tamilnadu Cements Corporation Ariyalur 2 Cement Plant", "country": "India", "status": "operating", "capacity": 1.0, "coordinate_accuracy": "exact"}}, {"type": "Feature", "geometry": {"type": "Point", "coordinates": [86.116996, 20.740526]}, "properties": {"facility_id": "P100000124631", "facility_type": "cement", "facility_name": "RamCements Haridaspur Cement Plant", "country": "India", "status": "operating", "capacity": 1.8, "coordinate_accuracy": "exact"}}, {"type": "Feature", "geometry": {"type": "Point", "coordinates": [78.13854, 15.080142]}, "properties": {"facility_id": "P100000124632", "facility_type": "cement", "facility_name": "Ramco Cements Kalavatala Cement Plant", "country": "India", "status": "operating", "capacity": 2.4, "coordinate_accuracy": "exact"}}, {"type": "Feature", "geometry": {"type": "Point", "coordinates": [74.974065, 34.053687]}, "properties": {"facility_id": "P100000124634", "facility_type": "cement", "facility_name": "Trumboo Cement Industries Wuyan Cement Plant", "country": "India", "status": "operating", "capacity": 0.37, "coordinate_accuracy": "exact"}}, {"type": "Feature", "geometry": {"type": "Point", "coordinates": [81.64584, 25.195499]}, "properties": {"facility_id": "P100000124635", "facility_type": "cement", "facility_name": "UltraTech Cement Bara Cement Plant", "country": "India", "status": "operating", "capacity": 2.0, "coordinate_accuracy": "exact"}}, {"type": "Feature", "geometry": {"type": "Point", "coordinates": [85.778679, 20.568733]}, "properties": {"facility_id": "P100000124636", "facility_type": "cement", "facility_name": "UltraTech Cement Cuttack Cement Plant", "country": "India", "status": "operating", "capacity": 3.0, "coordinate_accuracy": "exact"}}, {"type": "Feature", "geometry": {"type": "Point", "coordinates": [74.094808, 26.258739]}, "properties": {"facility_id": "P100000124637", "facility_type": "cement", "facility_name": "UltraTech Cement Pali Cement Plant", "country": "India", "status": "operating", "capacity": 3.3, "coordinate_accuracy": "exact"}}, {"type": "Feature", "geometry": {"type": "Point", "coordinates": [72.693937, 21.170667]}, "properties": {"facility_id": "P100000124638", "facility_type": "cement", "facility_name": "Vadraj Cement Hazira Cement Plant", "country": "India", "status": "operating", "capacity": 6.0, "coordinate_accuracy": "exact"}}, {"type": "Feature", "geometry": {"type": "Point", "coordinates": [68.63249, 23.417165]}, "properties": {"facility_id": "P100000124639", "facility_type": "cement", "facility_name": "Vadraj Cement Kutch Cement Plant", "country": "India", "status": "operating", "capacity": null, "coordinate_accuracy": "exact"}}, {"type": "Feature", "geometry": {"type": "Point", "coordinates": [77.946897, 28.058768]}, "properties": {"facility_id": "P100000124640", "facility_type": "cement", "facility_name": "Wonder Cement Alligarh Cement Plant", "country": "India", "status": "operating", "capacity": 2.5, "coordinate_accuracy": "approximate"}}, {"type": "Feature", "geometry": {"type": "Point", "coordinates": [75.252655, 23.051885]}, "properties": {"facility_id": "P100000124641", "facility_type": "cement", "facility_name": "Wonder Cement Badnawar Cement Plant", "country": "India", "status": "operating", "capacity": 2.0, "coordinate_accuracy": "exact"}}, {"type": "Feature", "geometry": {"type": "Point", "coordinates": [74.851102, 21.171028]}, "properties": {"facility_id": "P100000124722", "facility_type": "cement", "facility_name": "Wonder Cement Dhule Cement Plant", "country": "India", "status": "operating", "capacity": 2.0, "coordinate_accuracy": "exact"}}, {"type": "Feature", "geometry": {"type": "Point", "coordinates": [76.407029, 28.477107]}, "properties": {"facility_id": "P100000124723", "facility_type": "cement", "facility_name": "Wonder Cement Jhajjar Cement Plant", "country": "India", "status": "operating", "capacity": 2.0, "coordinate_accuracy": "exact"}}, {"type": "Feature", "geometry": {"type": "Point", "coordinates": [77.592561, 30.946545]}, "properties": {"facility_id": "P100000125197", "facility_type": "cement", "facility_name": "RCCPL Chopal Cement Plant", "country": "India", "status": "announced", "capacity": 4.0, "coordinate_accuracy": "approximate"}}, {"type": "Feature", "geometry": {"type": "Point", "coordinates": [76.282674, 28.602677]}, "properties": {"facility_id": "P100000125198", "facility_type": "cement", "facility_name": "Cement Corporation of India Charkhi Dadri Cement Plant", "country": "India", "status": "mothballed", "capacity": 0.17, "coordinate_accuracy": "exact"}}, {"type": "Feature", "geometry": {"type": "Point", "coordinates": [81.718617, 21.340622]}, "properties": {"facility_id": "P100000125199", "facility_type": "cement", "facility_name": "Cement Corporation of India Mandhar Cement Plant", "country": "India", "status": "mothballed", "capacity": 0.38, "coordinate_accuracy": "exact"}}, {"type": "Feature", "geometry": {"type": "Point", "coordinates": [78.556119, 19.688702]}, "properties": {"facility_id": "P100000125200", "facility_type": "cement", "facility_name": "Cement Corporation of India Adilabad Cement Plant", "country": "India", "status": "mothballed", "capacity": 0.4, "coordinate_accuracy": "exact"}}, {"type": "Feature", "geometry": {"type": "Point", "coordinates": [77.300757, 28.557455]}, "properties": {"facility_id": "P100000125201", "facility_type": "cement", "facility_name": "Cement Corporation of India Delhi Cement Plant", "country": "India", "status": "mothballed", "capacity": 0.5, "coordinate_accuracy": "approximate"}}, {"type": "Feature", "geometry": {"type": "Point", "coordinates": [78.008759, 11.036461]}, "properties": {"facility_id": "P100000125202", "facility_type": "cement", "facility_name": "Tamil Nadu Newsprint & Papers Kagithapuram Cement Plant", "country": "India", "status": "operating", "capacity": 0.33, "coordinate_accuracy": "exact"}}, {"type": "Feature", "geometry": {"type": "Point", "coordinates": [78.708905, 11.045572]}, "properties": {"facility_id": "P100000125203", "facility_type": "cement", "facility_name": "Vijay Cements Puthanampatti Cement Plant", "country": "India", "status": "operating", "capacity": 0.11, "coordinate_accuracy": "exact"}}, {"type": "Feature", "geometry": {"type": "Point", "coordinates": [79.052698, 11.187666]}, "properties": {"facility_id": "P100000125204", "facility_type": "cement", "facility_name": "Jeppiaar Cements Alathur Cement Plant", "country": "India", "status": "operating", "capacity": 0.16, "coordinate_accuracy": "exact"}}, {"type": "Feature", "geometry": {"type": "Point", "coordinates": [73.305833, 22.939341]}, "properties": {"facility_id": "P100000125205", "facility_type": "cement", "facility_name": "JK Cement Balasinor Cement Plant", "country": "India", "status": "operating", "capacity": 0.7, "coordinate_accuracy": "exact"}}, {"type": "Feature", "geometry": {"type": "Point", "coordinates": [78.115841, 27.982626]}, "properties": {"facility_id": "P100000125206", "facility_type": "cement", "facility_name": "JK Cement Aligarh Cement Plant", "country": "India", "status": "operating", "capacity": 2.0, "coordinate_accuracy": "exact"}}, {"type": "Feature", "geometry": {"type": "Point", "coordinates": [75.72533, 23.259992]}, "properties": {"facility_id": "P100000125208", "facility_type": "cement", "facility_name": "JK Cement Ujjain Cement Plant", "country": "India", "status": "operating", "capacity": 2.0, "coordinate_accuracy": "exact"}}, {"type": "Feature", "geometry": {"type": "Point", "coordinates": [81.810334, 25.448332]}, "properties": {"facility_id": "P100000125209", "facility_type": "cement", "facility_name": "JK Cement Prayagraj Cement Plant", "country": "India", "status": "operating", "capacity": 3.0, "coordinate_accuracy": "approximate"}}, {"type": "Feature", "geometry": {"type": "Point", "coordinates": [79.806457, 16.653925]}, "properties": {"facility_id": "P100000125211", "facility_type": "cement", "facility_name": "NU Vista Dachepalli Cement Plant", "country": "India", "status": "announced", "capacity": 4.25, "coordinate_accuracy": "exact"}}, {"type": "Feature", "geometry": {"type": "Point", "coordinates": [86.037334, 20.930587]}, "properties": {"facility_id": "P100000125213", "facility_type": "cement", "facility_name": "Sagar Cements Jajpur Cement Plant", "country": "India", "status": "operating", "capacity": 1.5, "coordinate_accuracy": "exact"}}, {"type": "Feature", "geometry": {"type": "Point", "coordinates": [85.724538, 20.531066]}, "properties": {"facility_id": "P100000125214", "facility_type": "cement", "facility_name": "Shree Cement Cuttack Cement Plant", "country": "India", "status": "operating", "capacity": 3.0, "coordinate_accuracy": "exact"}}, {"type": "Feature", "geometry": {"type": "Point", "coordinates": [79.731654, 16.519321]}, "properties": {"facility_id": "P100000125215", "facility_type": "cement", "facility_name": "Shree Cement Guntur Cement Plant", "country": "India", "status": "operating", "capacity": 3.0, "coordinate_accuracy": "exact"}}, {"type": "Feature", "geometry": {"type": "Point", "coordinates": [74.456715, 18.473183]}, "properties": {"facility_id": "P100000125216", "facility_type": "cement", "facility_name": "Shree Cement Patas Cement Plant", "country": "India", "status": "operating", "capacity": 3.0, "coordinate_accuracy": "exact"}}, {"type": "Feature", "geometry": {"type": "Point", "coordinates": [86.795083, 23.632621]}, "properties": {"facility_id": "P100000125217", "facility_type": "cement", "facility_name": "Shree Cement Purulia Cement Plant", "country": "India", "status": "operating", "capacity": 3.0, "coordinate_accuracy": "exact"}}, {"type": "Feature", "geometry": {"type": "Point", "coordinates": [72.575041, 21.69722]}, "properties": {"facility_id": "P100000125218", "facility_type": "cement", "facility_name": "Adani Cement Industries Dahej Cement Plant", "country": "India", "status": "operating", "capacity": 1.3, "coordinate_accuracy": "exact"}}, {"type": "Feature", "geometry": {"type": "Point", "coordinates": [68.585522, 23.695824]}, "properties": {"facility_id": "P100000125221", "facility_type": "cement", "facility_name": "Adani Cementation Lakhpat Cement Plant", "country": "India", "status": "cancelled", "capacity": 10.0, "coordinate_accuracy": "approximate"}}, {"type": "Feature", "geometry": {"type": "Point", "coordinates": [85.642152, 25.005702]}, "properties": {"facility_id": "P100000126001", "facility_type": "cement", "facility_name": "Ambuja Cements Warisaliganj Cement Plant", "country": "India", "status": "construction", "capacity": 6.0, "coordinate_accuracy": "exact"}}, {"type": "Feature", "geometry": {"type": "Point", "coordinates": [78.113993, 10.805317]}, "properties": {"facility_id": "P100000126783", "facility_type": "cement", "facility_name": "UltraTech Cement Velliyanai Cement Plant", "country": "India", "status": "operating", "capacity": 3.3, "coordinate_accuracy": "exact"}}, {"type": "Feature", "geometry": {"type": "Point", "coordinates": [78.814881, 27.494932]}, "properties": {"facility_id": "P100000126784", "facility_type": "cement", "facility_name": "Shree Cement Nigoh Hasanpur Cement Plant", "country": "India", "status": "operating", "capacity": 3.0, "coordinate_accuracy": "exact"}}, {"type": "Feature", "geometry": {"type": "Point", "coordinates": [84.998303, 24.789471]}, "properties": {"facility_id": "P100000126785", "facility_type": "cement", "facility_name": "Birla Corporation Gaya Cement Plant", "country": "India", "status": "announced", "capacity": 2.8, "coordinate_accuracy": "approximate"}}, {"type": "Feature", "geometry": {"type": "Point", "coordinates": [75.263744, 29.951306]}, "properties": {"facility_id": "P100000126786", "facility_type": "cement", "facility_name": "JSW Cement Karamgarh Urf Autanwali Cement Plant", "country": "India", "status": "announced", "capacity": 6.0, "coordinate_accuracy": "exact"}}, {"type": "Feature", "geometry": {"type": "Point", "coordinates": [73.31128, 28.020515]}, "properties": {"facility_id": "P100000126793", "facility_type": "cement", "facility_name": "JK Cement Bikaner Cement Plant", "country": "India", "status": "construction", "capacity": 2.0, "coordinate_accuracy": "approximate"}}, {"type": "Feature", "geometry": {"type": "Point", "coordinates": [74.947528, 30.214549]}, "properties": {"facility_id": "P100000126794", "facility_type": "cement", "facility_name": "JK Cement Bathinda Cement Plant", "country": "India", "status": "construction", "capacity": 2.0, "coordinate_accuracy": "approximate"}}, {"type": "Feature", "geometry": {"type": "Point", "coordinates": [73.845517, 27.29307]}, "properties": {"facility_id": "P100000126795", "facility_type": "cement", "facility_name": "JSW Cement Nagaur 2 Cement Plant", "country": "India", "status": "construction", "capacity": 1.0, "coordinate_accuracy": "approximate"}}, {"type": "Feature", "geometry": {"type": "Point", "coordinates": [82.869225, 25.077327]}, "properties": {"facility_id": "P100000126796", "facility_type": "cement", "facility_name": "RLJ Cement Mirzapur Cement Plant", "country": "India", "status": "operating", "capacity": 0.5, "coordinate_accuracy": "exact"}}, {"type": "Feature", "geometry": {"type": "Point", "coordinates": [73.868164, 18.491995]}, "properties": {"facility_id": "P100000126797", "facility_type": "cement", "facility_name": "Dalmia Cement (Bharat) Pune Cement Plant", "country": "India", "status": "announced", "capacity": 3.0, "coordinate_accuracy": "approximate"}}, {"type": "Feature", "geometry": {"type": "Point", "coordinates": [83.979749, 21.479019]}, "properties": {"facility_id": "P100000126798", "facility_type": "cement", "facility_name": "Shiva Cement Sambalpur Cement Plant", "country": "India", "status": "operating", "capacity": 1.0, "coordinate_accuracy": "exact"}}, {"type": "Feature", "geometry": {"type": "Point", "coordinates": [92.79809, 25.524835]}, "properties": {"facility_id": "P100000126804", "facility_type": "cement", "facility_name": "Dalmia Cement (Bharat) Umrangso Cement Plant", "country": "India", "status": "operating", "capacity": null, "coordinate_accuracy": "exact"}}, {"type": "Feature", "geometry": {"type": "Point", "coordinates": [82.890202, 17.626754]}, "properties": {"facility_id": "P100000126805", "facility_type": "cement", "facility_name": "NCL Industries Thallapalem Cement Plant", "country": "India", "status": "operating", "capacity": 0.66, "coordinate_accuracy": "exact"}}, {"type": "Feature", "geometry": {"type": "Point", "coordinates": [91.70165, 26.218366]}, "properties": {"facility_id": "P100000127201", "facility_type": "cement", "facility_name": "Topcem India Amingaon Cement Plant", "country": "India", "status": "operating", "capacity": 1.68, "coordinate_accuracy": "exact"}}, {"type": "Feature", "geometry": {"type": "Point", "coordinates": [78.732379, 10.945241]}, "properties": {"facility_id": "P100000127202", "facility_type": "cement", "facility_name": "Dhandapani Cements Thathamangalam Cement Plant", "country": "India", "status": "operating", "capacity": 0.33, "coordinate_accuracy": "exact"}}, {"type": "Feature", "geometry": {"type": "Point", "coordinates": [70.806447, 27.273664]}, "properties": {"facility_id": "P100000127203", "facility_type": "cement", "facility_name": "JK Cement Jaisalmer Cement Plant", "country": "India", "status": "construction", "capacity": 6.0, "coordinate_accuracy": "exact"}}, {"type": "Feature", "geometry": {"type": "Point", "coordinates": [84.329112, 25.568767]}, "properties": {"facility_id": "P100000127204", "facility_type": "cement", "facility_name": "JK Cement Buxar Cement Plant", "country": "India", "status": "operating", "capacity": 3.0, "coordinate_accuracy": "exact"}}, {"type": "Feature", "geometry": {"type": "Point", "coordinates": [85.870884, 20.520089]}, "properties": {"facility_id": "P100000127205", "facility_type": "cement", "facility_name": "Toshali Cements Cuttack Cement Plant", "country": "India", "status": "operating", "capacity": 0.44, "coordinate_accuracy": "exact"}}, {"type": "Feature", "geometry": {"type": "Point", "coordinates": [87.134777, 24.823582]}, "properties": {"facility_id": "P100000127208", "facility_type": "cement", "facility_name": "Ambuja Cements Motia Cement Plant", "country": "India", "status": "announced", "capacity": 4.0, "coordinate_accuracy": "approximate"}}, {"type": "Feature", "geometry": {"type": "Point", "coordinates": [83.012897, 24.435104]}, "properties": {"facility_id": "P100000127209", "facility_type": "cement", "facility_name": "ACC Salai Banwa Cement Plant", "country": "India", "status": "construction", "capacity": 2.4, "coordinate_accuracy": "exact"}}, {"type": "Feature", "geometry": {"type": "Point", "coordinates": [69.694873, 22.775415]}, "properties": {"facility_id": "P100000127210", "facility_type": "cement", "facility_name": "Ambuja Cements Mundra Cement Plant", "country": "India", "status": "announced", "capacity": 4.8, "coordinate_accuracy": "approximate"}}, {"type": "Feature", "geometry": {"type": "Point", "coordinates": [73.845516, 27.29307]}, "properties": {"facility_id": "P100000127211", "facility_type": "cement", "facility_name": "JSW Cement Nagaur 1 Cement Plant", "country": "India", "status": "operating", "capacity": 2.5, "coordinate_accuracy": "approximate"}}, {"type": "Feature", "geometry": {"type": "Point", "coordinates": [85.274431, 23.620478]}, "properties": {"facility_id": "P100000127212", "facility_type": "cement", "facility_name": "UltraTech Cement Patratu Cement Plant", "country": "India", "status": "operating", "capacity": 0.54, "coordinate_accuracy": "exact"}}, {"type": "Feature", "geometry": {"type": "Point", "coordinates": [73.38674, 22.765418]}, "properties": {"facility_id": "P100000127213", "facility_type": "cement", "facility_name": "Wonder Cement Tulsigam Cement Plant", "country": "India", "status": "construction", "capacity": 2.0, "coordinate_accuracy": "exact"}}, {"type": "Feature", "geometry": {"type": "Point", "coordinates": [86.05256, 20.521112]}, "properties": {"facility_id": "P100000127214", "facility_type": "cement", "facility_name": "Ambuja Cements Odisha Cement Plant", "country": "India", "status": "announced", "capacity": 4.0, "coordinate_accuracy": "approximate"}}, {"type": "Feature", "geometry": {"type": "Point", "coordinates": [84.415056, 22.228135]}, "properties": {"facility_id": "P100000127509", "facility_type": "cement", "facility_name": "Shiva Cement Sundergarh Cement Plant", "country": "India", "status": "operating", "capacity": 1.32, "coordinate_accuracy": "exact"}}, {"type": "Feature", "geometry": {"type": "Point", "coordinates": [79.990881, 14.138344]}, "properties": {"facility_id": "L100000102031", "facility_type": "coal_power", "facility_name": "Ankulapatur power station", "country": "India", "status": "cancelled", "capacity": 485.0, "coordinate_accuracy": "exact"}}, {"type": "Feature", "geometry": {"type": "Point", "coordinates": [80.0220166, 16.8704884]}, "properties": {"facility_id": "L100000102032", "facility_type": "coal_power", "facility_name": "Balaji Cement power station", "country": "India", "status": "operating", "capacity": 35.0, "coordinate_accuracy": "exact"}}, {"type": "Feature", "geometry": {"type": "Point", "coordinates": [80.143086, 14.351195]}, "properties": {"facility_id": "L100000102033", "facility_type": "coal_power", "facility_name": "Bander power station", "country": "India", "status": "operating", "capacity": 1980.0, "coordinate_accuracy": "exact"}}, {"type": "Feature", "geometry": {"type": "Point", "coordinates": [84.239312, 18.521385]}, "properties": {"facility_id": "L100000102034", "facility_type": "coal_power", "facility_name": "Bhavanapadu Thermal Power Project", "country": "India", "status": "cancelled", "capacity": 2640.0, "coordinate_accuracy": "exact"}}, {"type": "Feature", "geometry": {"type": "Point", "coordinates": [77.590744, 14.670709]}, "properties": {"facility_id": "L100000102035", "facility_type": "coal_power", "facility_name": "Budele power station", "country": "India", "status": "cancelled", "capacity": 1000.0, "coordinate_accuracy": "approximate"}}, {"type": "Feature", "geometry": {"type": "Point", "coordinates": [80.05, 15.5]}, "properties": {"facility_id": "L100000102036", "facility_type": "coal_power", "facility_name": "Devarampadu power station", "country": "India", "status": "cancelled", "capacity": 1320.0, "coordinate_accuracy": "approximate"}}, {"type": "Feature", "geometry": {"type": "Point", "coordinates": [77.712619, 14.413745]}, "properties": {"facility_id": "L100000102037", "facility_type": "coal_power", "facility_name": "Dharmavaram power station", "country": "India", "status": "cancelled", "capacity": 150.0, "coordinate_accuracy": "approximate"}}, {"type": "Feature", "geometry": {"type": "Point", "coordinates": [80.5365853, 16.5984901]}, "properties": {"facility_id": "L100000102038", "facility_type": "coal_power", "facility_name": "Dr. Narla Tata Rao Thermal power station", "country": "India", "status": "operating", "capacity": 2560.0, "coordinate_accuracy": "exact"}}, {"type": "Feature", "geometry": {"type": "Point", "coordinates": [79.864683, 14.130902]}, "properties": {"facility_id": "L100000102039", "facility_type": "coal_power", "facility_name": "Dr. RKP Power Ankulapatur power station", "country": "India", "status": "cancelled", "capacity": 420.0, "coordinate_accuracy": "approximate"}}, {"type": "Feature", "geometry": {"type": "Point", "coordinates": [81.772481, 17.029896]}, "properties": {"facility_id": "L100000102040", "facility_type": "coal_power", "facility_name": "East Godavari Mill power station", "country": "India", "status": "operating", "capacity": 34.0, "coordinate_accuracy": "exact"}}, {"type": "Feature", "geometry": {"type": "Point", "coordinates": [81.134933, 16.18438]}, "properties": {"facility_id": "L100000102041", "facility_type": "coal_power", "facility_name": "Gopuvanipalam Mega Thermal Power Project", "country": "India", "status": "cancelled", "capacity": 1980.0, "coordinate_accuracy": "approximate"}}, {"type": "Feature", "geometry": {"type": "Point", "coordinates": [79.864683, 14.130902]}, "properties": {"facility_id": "L100000102042", "facility_type": "coal_power", "facility_name": "Gudur Thermal Power Project (Momidi)", "country": "India", "status": "cancelled", "capacity": 2640.0, "coordinate_accuracy": "approximate"}}, {"type": "Feature", "geometry": {"type": "Point", "coordinates": [82.614386, 17.300117]}, "properties": {"facility_id": "L100000102043", "facility_type": "coal_power", "facility_name": "Gunipudi power station (NBPL proposal)", "country": "India", "status": "cancelled", "capacity": 300.0, "coordinate_accuracy": "approximate"}}, {"type": "Feature", "geometry": {"type": "Point", "coordinates": [82.624386, 17.300117]}, "properties": {"facility_id": "L100000102044", "facility_type": "coal_power", "facility_name": "Gunipudi power station (STEAPL proposal)", "country": "India", "status": "cancelled", "capacity": 1320.0, "coordinate_accuracy": "approximate"}}, {"type": "Feature", "geometry": {"type": "Point", "coordinates": [83.9, 18.3]}, "properties": {"facility_id": "L100000102045", "facility_type": "coal_power", "facility_name": "Jharupudi power station", "country": "India", "status": "cancelled", "capacity": 140.0, "coordinate_accuracy": "approximate"}}, {"type": "Feature", "geometry": {"type": "Point", "coordinates": [80.083333, 14.166667]}, "properties": {"facility_id": "L100000102047", "facility_type": "coal_power", "facility_name": "Kineta Power thermal station", "country": "India", "status": "cancelled", "capacity": 1980.0, "coordinate_accuracy": "exact"}}, {"type": "Feature", "geometry": {"type": "Point", "coordinates": [83.468899, 18.89626]}, "properties": {"facility_id": "L100000102048", "facility_type": "coal_power", "facility_name": "Komarada power station", "country": "India", "status": "cancelled", "capacity": 2640.0, "coordinate_accuracy": "approximate"}}, {"type": "Feature", "geometry": {"type": "Point", "coordinates": [80.091667, 14.194444]}, "properties": {"facility_id": "L100000102049", "facility_type": "coal_power", "facility_name": "Krishnapatnam Navayuga thermal station", "country": "India", "status": "cancelled", "capacity": 1980.0, "coordinate_accuracy": "exact"}}, {"type": "Feature", "geometry": {"type": "Point", "coordinates": [80.120748, 14.252061]}, "properties": {"facility_id": "L100000102050", "facility_type": "coal_power", "facility_name": "Krishnapatnam Ultra Mega Power Project", "country": "India", "status": "cancelled", "capacity": 4000.0, "coordinate_accuracy": "exact"}}, {"type": "Feature", "geometry": {"type": "Point", "coordinates": [82.961361, 17.466444]}, "properties": {"facility_id": "L100000102051", "facility_type": "coal_power", "facility_name": "Lovapalem power station", "country": "India", "status": "cancelled", "capacity": 1000.0, "coordinate_accuracy": "approximate"}}, {"type": "Feature", "geometry": {"type": "Point", "coordinates": [82.743769, 17.5939558]}, "properties": {"facility_id": "L100000102052", "facility_type": "coal_power", "facility_name": "Makavarapalem Smelter power station", "country": "India", "status": "operating", "capacity": 90.0, "coordinate_accuracy": "exact"}}, {"type": "Feature", "geometry": {"type": "Point", "coordinates": [80.090062, 14.211195]}, "properties": {"facility_id": "L100000102053", "facility_type": "coal_power", "facility_name": "Meenakshi Energy Thermal Power Project", "country": "India", "status": "operating", "capacity": 1000.0, "coordinate_accuracy": "exact"}}, {"type": "Feature", "geometry": {"type": "Point", "coordinates": [82.494903, 17.484945]}, "properties": {"facility_id": "L100000102054", "facility_type": "coal_power", "facility_name": "Meghavaram Kakarapalli power station", "country": "India", "status": "cancelled", "capacity": 450.0, "coordinate_accuracy": "approximate"}}, {"type": "Feature", "geometry": {"type": "Point", "coordinates": [80.143086, 14.351195]}, "properties": {"facility_id": "L100000102055", "facility_type": "coal_power", "facility_name": "Muthukur Mandal power station (Painampuram)", "country": "India", "status": "operating", "capacity": 1320.0, "coordinate_accuracy": "exact"}}, {"type": "Feature", "geometry": {"type": "Point", "coordinates": [84.590157, 18.9374]}, "properties": {"facility_id": "L100000102056", "facility_type": "coal_power", "facility_name": "Nagarjuna Construction Company Sompeta Thermal Plant", "country": "India", "status": "cancelled", "capacity": 2640.0, "coordinate_accuracy": "approximate"}}, {"type": "Feature", "geometry": {"type": "Point", "coordinates": [82.714788, 17.409651]}, "properties": {"facility_id": "L100000102057", "facility_type": "coal_power", "facility_name": "Nakkapalli power station", "country": "India", "status": "cancelled", "capacity": 1320.0, "coordinate_accuracy": "approximate"}}, {"type": "Feature", "geometry": {"type": "Point", "coordinates": [78.8675, 15.038056]}, "properties": {"facility_id": "L100000102058", "facility_type": "coal_power", "facility_name": "Nayunipalli Ultra Mega Power Project", "country": "India", "status": "cancelled", "capacity": 4000.0, "coordinate_accuracy": "approximate"}}, {"type": "Feature", "geometry": {"type": "Point", "coordinates": [79.986949, 14.490572]}, "properties": {"facility_id": "L100000102059", "facility_type": "coal_power", "facility_name": "Nellore power station", "country": "India", "status": "operating", "capacity": 30.0, "coordinate_accuracy": "exact"}}, {"type": "Feature", "geometry": {"type": "Point", "coordinates": [82.238647, 16.945181]}, "properties": {"facility_id": "L100000102060", "facility_type": "coal_power", "facility_name": "Ontimavadi power station", "country": "India", "status": "cancelled", "capacity": 6300.0, "coordinate_accuracy": "approximate"}}, {"type": "Feature", "geometry": {"type": "Point", "coordinates": [80.25, 15.7]}, "properties": {"facility_id": "L100000102061", "facility_type": "coal_power", "facility_name": "Peddaganjam power station (Sew)", "country": "India", "status": "cancelled", "capacity": 1320.0, "coordinate_accuracy": "approximate"}}, {"type": "Feature", "geometry": {"type": "Point", "coordinates": [80.25, 15.7]}, "properties": {"facility_id": "L100000102062", "facility_type": "coal_power", "facility_name": "Peddaganjam power station (Sravanthi)", "country": "India", "status": "cancelled", "capacity": 1400.0, "coordinate_accuracy": "approximate"}}, {"type": "Feature", "geometry": {"type": "Point", "coordinates": [82.614386, 17.300117]}, "properties": {"facility_id": "L100000102063", "facility_type": "coal_power", "facility_name": "Pentakota power station (Namratha Bizili)", "country": "India", "status": "cancelled", "capacity": 150.0, "coordinate_accuracy": "approximate"}}, {"type": "Feature", "geometry": {"type": "Point", "coordinates": [82.614386, 17.300117]}, "properties": {"facility_id": "L100000102064", "facility_type": "coal_power", "facility_name": "Pentakota power station (Srinivasam Energy)", "country": "India", "status": "cancelled", "capacity": 1320.0, "coordinate_accuracy": "approximate"}}, {"type": "Feature", "geometry": {"type": "Point", "coordinates": [83.002767, 17.492713]}, "properties": {"facility_id": "L100000102065", "facility_type": "coal_power", "facility_name": "Pudimadaka Ultra Mega Power Project", "country": "India", "status": "cancelled", "capacity": 4000.0, "coordinate_accuracy": "approximate"}}, {"type": "Feature", "geometry": {"type": "Point", "coordinates": [78.459364, 14.697282]}, "properties": {"facility_id": "L100000102066", "facility_type": "coal_power", "facility_name": "Rayalaseema Thermal Power Project", "country": "India", "status": "operating", "capacity": 1650.0, "coordinate_accuracy": "exact"}}, {"type": "Feature", "geometry": {"type": "Point", "coordinates": [81.6113929, 17.1779964]}, "properties": {"facility_id": "L100000102067", "facility_type": "coal_power", "facility_name": "Saggonda power station", "country": "India", "status": "operating", "capacity": 33.0, "coordinate_accuracy": "exact"}}, {"type": "Feature", "geometry": {"type": "Point", "coordinates": [83.09166, 17.591]}, "properties": {"facility_id": "L100000102068", "facility_type": "coal_power", "facility_name": "Simhadri power station", "country": "India", "status": "operating", "capacity": 3320.0, "coordinate_accuracy": "exact"}}, {"type": "Feature", "geometry": {"type": "Point", "coordinates": [84.590157, 18.93742]}, "properties": {"facility_id": "L100000102069", "facility_type": "coal_power", "facility_name": "Sompeta power station (Suryachakra)", "country": "India", "status": "cancelled", "capacity": 1200.0, "coordinate_accuracy": "approximate"}}, {"type": "Feature", "geometry": {"type": "Point", "coordinates": [83.9, 18.3]}, "properties": {"facility_id": "L100000102070", "facility_type": "coal_power", "facility_name": "Sree Siva Satyadeva Power Plant", "country": "India", "status": "cancelled", "capacity": 2000.0, "coordinate_accuracy": "approximate"}}, {"type": "Feature", "geometry": {"type": "Point", "coordinates": [80.122105, 14.327604]}, "properties": {"facility_id": "L100000102071", "facility_type": "coal_power", "facility_name": "Sri Damodaram Sanjeevaiah Thermal Power Station", "country": "India", "status": "operating", "capacity": 2400.0, "coordinate_accuracy": "exact"}}, {"type": "Feature", "geometry": {"type": "Point", "coordinates": [84.1, 18.3667]}, "properties": {"facility_id": "L100000102072", "facility_type": "coal_power", "facility_name": "Srikakulam Thermal Power Station (Sumitomo)", "country": "India", "status": "cancelled", "capacity": 4000.0, "coordinate_accuracy": "approximate"}}, {"type": "Feature", "geometry": {"type": "Point", "coordinates": [80.086636, 14.204576]}, "properties": {"facility_id": "L100000102073", "facility_type": "coal_power", "facility_name": "Simhapuri Thamminapatnam power station", "country": "India", "status": "operating", "capacity": 1920.0, "coordinate_accuracy": "exact"}}, {"type": "Feature", "geometry": {"type": "Point", "coordinates": [82.3097, 17.0587]}, "properties": {"facility_id": "L100000102074", "facility_type": "coal_power", "facility_name": "Uppada power station", "country": "India", "status": "cancelled", "capacity": 1670.0, "coordinate_accuracy": "exact"}}, {"type": "Feature", "geometry": {"type": "Point", "coordinates": [80.397348, 15.808028]}, "properties": {"facility_id": "L100000102075", "facility_type": "coal_power", "facility_name": "Vadarevu Ultra Mega Power Project", "country": "India", "status": "cancelled", "capacity": 4000.0, "coordinate_accuracy": "approximate"}}, {"type": "Feature", "geometry": {"type": "Point", "coordinates": [81.096252, 16.317475]}, "properties": {"facility_id": "L100000102076", "facility_type": "coal_power", "facility_name": "Vemavaram power station", "country": "India", "status": "cancelled", "capacity": 1320.0, "coordinate_accuracy": "approximate"}}, {"type": "Feature", "geometry": {"type": "Point", "coordinates": [80.5382, 16.5973]}, "properties": {"facility_id": "L100000102077", "facility_type": "coal_power", "facility_name": "Vijayawada Thermal Power Station (IGCC)", "country": "India", "status": "cancelled", "capacity": 182.0, "coordinate_accuracy": "exact"}}, {"type": "Feature", "geometry": {"type": "Point", "coordinates": [80.124848, 14.288601]}, "properties": {"facility_id": "L100000102078", "facility_type": "coal_power", "facility_name": "Vikas Power thermal plant", "country": "India", "status": "cancelled", "capacity": 540.0, "coordinate_accuracy": "approximate"}}, {"type": "Feature", "geometry": {"type": "Point", "coordinates": [83.2717317, 17.7202459]}, "properties": {"facility_id": "L100000102079", "facility_type": "coal_power", "facility_name": "Visakhapatnam Sarda power station", "country": "India", "status": "operating", "capacity": 84.0, "coordinate_accuracy": "exact"}}, {"type": "Feature", "geometry": {"type": "Point", "coordinates": [83.138877, 17.563642]}, "properties": {"facility_id": "L100000102080", "facility_type": "coal_power", "facility_name": "Vizag Kaizen power station", "country": "India", "status": "cancelled", "capacity": 300.0, "coordinate_accuracy": "approximate"}}, {"type": "Feature", "geometry": {"type": "Point", "coordinates": [83.193133, 17.636926]}, "properties": {"facility_id": "L100000102081", "facility_type": "coal_power", "facility_name": "Vizag Simhadri power station", "country": "India", "status": "operating", "capacity": 50.0, "coordinate_accuracy": "exact"}}, {"type": "Feature", "geometry": {"type": "Point", "coordinates": [83.196713, 17.606547]}, "properties": {"facility_id": "L100000102082", "facility_type": "coal_power", "facility_name": "Vizag Steel Plant power station", "country": "India", "status": "operating", "capacity": 315.0, "coordinate_accuracy": "exact"}}, {"type": "Feature", "geometry": {"type": "Point", "coordinates": [83.138877, 17.563642]}, "properties": {"facility_id": "L100000102083", "facility_type": "coal_power", "facility_name": "Vizag Thermal Power Plant", "country": "India", "status": "operating", "capacity": 1040.0, "coordinate_accuracy": "exact"}}, {"type": "Feature", "geometry": {"type": "Point", "coordinates": [82.714788, 17.409651]}, "properties": {"facility_id": "L100000102084", "facility_type": "coal_power", "facility_name": "West Godavari Super Thermal Power Station", "country": "India", "status": "cancelled", "capacity": 3960.0, "coordinate_accuracy": "approximate"}}, {"type": "Feature", "geometry": {"type": "Point", "coordinates": [90.367205, 26.44437]}, "properties": {"facility_id": "L100000102085", "facility_type": "coal_power", "facility_name": "Bongaigaon power station", "country": "India", "status": "operating", "capacity": 1000.0, "coordinate_accuracy": "exact"}}, {"type": "Feature", "geometry": {"type": "Point", "coordinates": [95.442638, 27.303147]}, "properties": {"facility_id": "L100000102086", "facility_type": "coal_power", "facility_name": "Borgolai power station", "country": "India", "status": "cancelled", "capacity": 250.0, "coordinate_accuracy": "approximate"}}, {"type": "Feature", "geometry": {"type": "Point", "coordinates": [95.360144, 27.489464]}, "properties": {"facility_id": "L100000102087", "facility_type": "coal_power", "facility_name": "Margherita power station", "country": "India", "status": "cancelled", "capacity": 660.0, "coordinate_accuracy": "approximate"}}, {"type": "Feature", "geometry": {"type": "Point", "coordinates": [91.733333, 26.183333]}, "properties": {"facility_id": "L100000102088", "facility_type": "coal_power", "facility_name": "Naitor power station", "country": "India", "status": "cancelled", "capacity": 1320.0, "coordinate_accuracy": "approximate"}}, {"type": "Feature", "geometry": {"type": "Point", "coordinates": [86.958329, 24.714049]}, "properties": {"facility_id": "L100000102089", "facility_type": "coal_power", "facility_name": "Banka Power Project", "country": "India", "status": "cancelled", "capacity": 2640.0, "coordinate_accuracy": "exact"}}, {"type": "Feature", "geometry": {"type": "Point", "coordinates": [86.023488, 25.391376]}, "properties": {"facility_id": "L100000102090", "facility_type": "coal_power", "facility_name": "Barauni power station", "country": "India", "status": "operating", "capacity": 1520.0, "coordinate_accuracy": "exact"}}, {"type": "Feature", "geometry": {"type": "Point", "coordinates": [85.74516, 25.4865]}, "properties": {"facility_id": "L100000102092", "facility_type": "coal_power", "facility_name": "Barh I power station", "country": "India", "status": "operating", "capacity": 1980.0, "coordinate_accuracy": "exact"}}, {"type": "Feature", "geometry": {"type": "Point", "coordinates": [85.74516, 25.4865]}, "properties": {"facility_id": "L100000102093", "facility_type": "coal_power", "facility_name": "Barh II power station", "country": "India", "status": "operating", "capacity": 1320.0, "coordinate_accuracy": "exact"}}, {"type": "Feature", "geometry": {"type": "Point", "coordinates": [87.234444, 25.26354]}, "properties": {"facility_id": "L100000102094", "facility_type": "coal_power", "facility_name": "Bhagalpur Power Project", "country": "India", "status": "cancelled", "capacity": 2640.0, "coordinate_accuracy": "approximate"}}, {"type": "Feature", "geometry": {"type": "Point", "coordinates": [83.882568, 25.462349]}, "properties": {"facility_id": "L100000102095", "facility_type": "coal_power", "facility_name": "Buxar Thermal Power Station", "country": "India", "status": "operating", "capacity": 2120.0, "coordinate_accuracy": "exact"}}, {"type": "Feature", "geometry": {"type": "Point", "coordinates": [85.0, 24.75]}, "properties": {"facility_id": "L100000102096", "facility_type": "coal_power", "facility_name": "Casecade Power Lakhisarai power station", "country": "India", "status": "cancelled", "capacity": 1320.0, "coordinate_accuracy": "approximate"}}, {"type": "Feature", "geometry": {"type": "Point", "coordinates": [85.42, 24.83]}, "properties": {"facility_id": "L100000102097", "facility_type": "coal_power", "facility_name": "Dona power station", "country": "India", "status": "cancelled", "capacity": 1320.0, "coordinate_accuracy": "approximate"}}, {"type": "Feature", "geometry": {"type": "Point", "coordinates": [87.428188, 25.323652]}, "properties": {"facility_id": "L100000102098", "facility_type": "coal_power", "facility_name": "Era Infra Engineering Pirpainti power station", "country": "India", "status": "cancelled", "capacity": 1320.0, "coordinate_accuracy": "approximate"}}, {"type": "Feature", "geometry": {"type": "Point", "coordinates": [84.684087, 26.500702]}, "properties": {"facility_id": "L100000102099", "facility_type": "coal_power", "facility_name": "Indragacchi power station", "country": "India", "status": "cancelled", "capacity": 1320.0, "coordinate_accuracy": "approximate"}}, {"type": "Feature", "geometry": {"type": "Point", "coordinates": [84.416183, 25.462469]}, "properties": {"facility_id": "L100000102100", "facility_type": "coal_power", "facility_name": "Jagdishpur power station", "country": "India", "status": "cancelled", "capacity": 2640.0, "coordinate_accuracy": "approximate"}}, {"type": "Feature", "geometry": {"type": "Point", "coordinates": [87.234444, 25.26354]}, "properties": {"facility_id": "L100000102101", "facility_type": "coal_power", "facility_name": "Kahalgaon power station (Cement Manufacturing Co.)", "country": "India", "status": "cancelled", "capacity": 500.0, "coordinate_accuracy": "approximate"}}, {"type": "Feature", "geometry": {"type": "Point", "coordinates": [87.234444, 25.26354]}, "properties": {"facility_id": "L100000102102", "facility_type": "coal_power", "facility_name": "Kahalgaon power station (East-West Power)", "country": "India", "status": "cancelled", "capacity": 1000.0, "coordinate_accuracy": "approximate"}}, {"type": "Feature", "geometry": {"type": "Point", "coordinates": [87.234444, 25.26354]}, "properties": {"facility_id": "L100000102103", "facility_type": "coal_power", "facility_name": "Kahalgaon power station (Sarvottam)", "country": "India", "status": "cancelled", "capacity": 540.0, "coordinate_accuracy": "approximate"}}, {"type": "Feature", "geometry": {"type": "Point", "coordinates": [87.265595, 25.236903]}, "properties": {"facility_id": "L100000102104", "facility_type": "coal_power", "facility_name": "Kahalgaon Super Thermal Power Plant", "country": "India", "status": "operating", "capacity": 3140.0, "coordinate_accuracy": "exact"}}, {"type": "Feature", "geometry": {"type": "Point", "coordinates": [86.874819, 24.833324]}, "properties": {"facility_id": "L100000102105", "facility_type": "coal_power", "facility_name": "Bihar Ultra Mega Power Project", "country": "India", "status": "cancelled", "capacity": 4000.0, "coordinate_accuracy": "approximate"}}, {"type": "Feature", "geometry": {"type": "Point", "coordinates": [86.096278, 25.146576]}, "properties": {"facility_id": "L100000102106", "facility_type": "coal_power", "facility_name": "Kiul Thermal Power Project", "country": "India", "status": "cancelled", "capacity": 1320.0, "coordinate_accuracy": "approximate"}}, {"type": "Feature", "geometry": {"type": "Point", "coordinates": [84.376663, 24.74839]}, "properties": {"facility_id": "L100000102107", "facility_type": "coal_power", "facility_name": "Kochar power station", "country": "India", "status": "cancelled", "capacity": 1320.0, "coordinate_accuracy": "approximate"}}, {"type": "Feature", "geometry": {"type": "Point", "coordinates": [86.149693, 25.184746]}, "properties": {"facility_id": "L100000102108", "facility_type": "coal_power", "facility_name": "Lakhisarai power station (SPML)", "country": "India", "status": "cancelled", "capacity": 1200.0, "coordinate_accuracy": "approximate"}}, {"type": "Feature", "geometry": {"type": "Point", "coordinates": [86.25903, 25.18036]}, "properties": {"facility_id": "L100000102109", "facility_type": "coal_power", "facility_name": "Lakhisarai Thermal Power Station", "country": "India", "status": "cancelled", "capacity": 1320.0, "coordinate_accuracy": "approximate"}}, {"type": "Feature", "geometry": {"type": "Point", "coordinates": [87.428188, 25.323652]}, "properties": {"facility_id": "L100000102110", "facility_type": "coal_power", "facility_name": "Meherpur power station", "country": "India", "status": "cancelled", "capacity": 1200.0, "coordinate_accuracy": "approximate"}}, {"type": "Feature", "geometry": {"type": "Point", "coordinates": [86.09, 25.17]}, "properties": {"facility_id": "L100000102111", "facility_type": "coal_power", "facility_name": "Moma power station", "country": "India", "status": "cancelled", "capacity": 1980.0, "coordinate_accuracy": "approximate"}}, {"type": "Feature", "geometry": {"type": "Point", "coordinates": [85.303302, 26.194771]}, "properties": {"facility_id": "L100000102112", "facility_type": "coal_power", "facility_name": "Muzaffarpur power station", "country": "India", "status": "operating", "capacity": 610.0, "coordinate_accuracy": "exact"}}, {"type": "Feature", "geometry": {"type": "Point", "coordinates": [84.158025, 24.776]}, "properties": {"facility_id": "L100000102113", "facility_type": "coal_power", "facility_name": "Nabinagar Super Thermal Power Project", "country": "India", "status": "operating", "capacity": 4380.0, "coordinate_accuracy": "exact"}}, {"type": "Feature", "geometry": {"type": "Point", "coordinates": [84.088738, 24.705081]}, "properties": {"facility_id": "L100000102114", "facility_type": "coal_power", "facility_name": "Nabinagar Thermal Power Project", "country": "India", "status": "operating", "capacity": 1000.0, "coordinate_accuracy": "exact"}}, {"type": "Feature", "geometry": {"type": "Point", "coordinates": [87.428188, 25.323652]}, "properties": {"facility_id": "L100000102115", "facility_type": "coal_power", "facility_name": "Pirpainti power station (CESC)", "country": "India", "status": "cancelled", "capacity": 2000.0, "coordinate_accuracy": "approximate"}}, {"type": "Feature", "geometry": {"type": "Point", "coordinates": [87.428188, 25.323652]}, "properties": {"facility_id": "L100000102116", "facility_type": "coal_power", "facility_name": "Pirpainti power station (Essar)", "country": "India", "status": "cancelled", "capacity": 1800.0, "coordinate_accuracy": "approximate"}}, {"type": "Feature", "geometry": {"type": "Point", "coordinates": [87.412455, 25.307395]}, "properties": {"facility_id": "L100000102117", "facility_type": "coal_power", "facility_name": "Pirpainti Thermal Power Station", "country": "India", "status": "permitted", "capacity": 2400.0, "coordinate_accuracy": "approximate"}}, {"type": "Feature", "geometry": {"type": "Point", "coordinates": [86.947425, 24.87608]}, "properties": {"facility_id": "L100000102118", "facility_type": "coal_power", "facility_name": "Prabhawati Nagar power station", "country": "India", "status": "cancelled", "capacity": 1320.0, "coordinate_accuracy": "approximate"}}, {"type": "Feature", "geometry": {"type": "Point", "coordinates": [85.5, 24.65]}, "properties": {"facility_id": "L100000102119", "facility_type": "coal_power", "facility_name": "Rajauli power station", "country": "India", "status": "cancelled", "capacity": 2640.0, "coordinate_accuracy": "approximate"}}, {"type": "Feature", "geometry": {"type": "Point", "coordinates": [85.53, 24.87995]}, "properties": {"facility_id": "L100000102120", "facility_type": "coal_power", "facility_name": "Sirdala power station", "country": "India", "status": "cancelled", "capacity": 2640.0, "coordinate_accuracy": "approximate"}}, {"type": "Feature", "geometry": {"type": "Point", "coordinates": [83.274093, 21.743775]}, "properties": {"facility_id": "L100000102121", "facility_type": "coal_power", "facility_name": "Adani Raigarh Thermal Power Plant", "country": "India", "status": "operating", "capacity": 3800.0, "coordinate_accuracy": "exact"}}, {"type": "Feature", "geometry": {"type": "Point", "coordinates": [82.652278, 21.848753]}, "properties": {"facility_id": "L100000102122", "facility_type": "coal_power", "facility_name": "Amoda power station", "country": "India", "status": "cancelled", "capacity": 600.0, "coordinate_accuracy": "approximate"}}, {"type": "Feature", "geometry": {"type": "Point", "coordinates": [82.3544027, 21.9622663]}, "properties": {"facility_id": "L100000102123", "facility_type": "coal_power", "facility_name": "Arasmeta Cement Plant power station", "country": "India", "status": "operating", "capacity": 86.0, "coordinate_accuracy": "exact"}}, {"type": "Feature", "geometry": {"type": "Point", "coordinates": [83.129001, 21.906765]}, "properties": {"facility_id": "L100000102124", "facility_type": "coal_power", "facility_name": "Athena Chhattisgarh power station", "country": "India", "status": "operating", "capacity": 1200.0, "coordinate_accuracy": "exact"}}, {"type": "Feature", "geometry": {"type": "Point", "coordinates": [82.7439443, 22.3930944]}, "properties": {"facility_id": "L100000102125", "facility_type": "coal_power", "facility_name": "BALCO Korba power station", "country": "India", "status": "operating", "capacity": 2010.0, "coordinate_accuracy": "exact"}}, {"type": "Feature", "geometry": {"type": "Point", "coordinates": [82.647886, 22.045391]}, "properties": {"facility_id": "L100000102126", "facility_type": "coal_power", "facility_name": "Balpur power station", "country": "India", "status": "cancelled", "capacity": 1200.0, "coordinate_accuracy": "approximate"}}, {"type": "Feature", "geometry": {"type": "Point", "coordinates": [83.188863, 21.911436]}, "properties": {"facility_id": "L100000102127", "facility_type": "coal_power", "facility_name": "Baradarha power station", "country": "India", "status": "operating", "capacity": 1200.0, "coordinate_accuracy": "exact"}}, {"type": "Feature", "geometry": {"type": "Point", "coordinates": [82.451637, 21.87841]}, "properties": {"facility_id": "L100000102128", "facility_type": "coal_power", "facility_name": "Bhaiso power station", "country": "India", "status": "cancelled", "capacity": 1200.0, "coordinate_accuracy": "approximate"}}, {"type": "Feature", "geometry": {"type": "Point", "coordinates": [83.196042, 23.343798]}, "properties": {"facility_id": "L100000102129", "facility_type": "coal_power", "facility_name": "Bhaiyathan Thermal Power Project", "country": "India", "status": "cancelled", "capacity": 1320.0, "coordinate_accuracy": "approximate"}}, {"type": "Feature", "geometry": {"type": "Point", "coordinates": [82.430603, 22.340954]}, "properties": {"facility_id": "L100000102130", "facility_type": "coal_power", "facility_name": "Bhandhakhar power station", "country": "India", "status": "operating", "capacity": 300.0, "coordinate_accuracy": "exact"}}, {"type": "Feature", "geometry": {"type": "Point", "coordinates": [83.243889, 22.141667]}, "properties": {"facility_id": "L100000102131", "facility_type": "coal_power", "facility_name": "Bhengari power station", "country": "India", "status": "cancelled", "capacity": 540.0, "coordinate_accuracy": "approximate"}}, {"type": "Feature", "geometry": {"type": "Point", "coordinates": [81.4237, 21.184]}, "properties": {"facility_id": "L100000102132", "facility_type": "coal_power", "facility_name": "Bhilai Steel power station", "country": "India", "status": "operating", "capacity": 1560.0, "coordinate_accuracy": "exact"}}, {"type": "Feature", "geometry": {"type": "Point", "coordinates": [83.205779, 22.010422]}, "properties": {"facility_id": "L100000102133", "facility_type": "coal_power", "facility_name": "Binjkote power station", "country": "India", "status": "operating", "capacity": 1200.0, "coordinate_accuracy": "exact"}}, {"type": "Feature", "geometry": {"type": "Point", "coordinates": [82.782962, 21.756471]}, "properties": {"facility_id": "L100000102134", "facility_type": "coal_power", "facility_name": "Birra Thermal Power Project", "country": "India", "status": "cancelled", "capacity": 1320.0, "coordinate_accuracy": "approximate"}}, {"type": "Feature", "geometry": {"type": "Point", "coordinates": [83.353397, 22.172721]}, "properties": {"facility_id": "L100000102135", "facility_type": "coal_power", "facility_name": "BLA Chhattisgarh power station", "country": "India", "status": "cancelled", "capacity": 540.0, "coordinate_accuracy": "approximate"}}, {"type": "Feature", "geometry": {"type": "Point", "coordinates": [82.048187, 23.652072]}, "properties": {"facility_id": "L100000102136", "facility_type": "coal_power", "facility_name": "Bunji Bundeli Thermal Power Project", "country": "India", "status": "cancelled", "capacity": 500.0, "coordinate_accuracy": "approximate"}}, {"type": "Feature", "geometry": {"type": "Point", "coordinates": [82.553249, 22.393653]}, "properties": {"facility_id": "L100000102137", "facility_type": "coal_power", "facility_name": "Chakabura power station", "country": "India", "status": "operating", "capacity": 60.0, "coordinate_accuracy": "exact"}}, {"type": "Feature", "geometry": {"type": "Point", "coordinates": [82.97, 22.03]}, "properties": {"facility_id": "L100000102138", "facility_type": "coal_power", "facility_name": "Champa Adhunik power station", "country": "India", "status": "cancelled", "capacity": 1320.0, "coordinate_accuracy": "approximate"}}, {"type": "Feature", "geometry": {"type": "Point", "coordinates": [82.614098, 22.270035]}, "properties": {"facility_id": "L100000102139", "facility_type": "coal_power", "facility_name": "Champa Power Project", "country": "India", "status": "cancelled", "capacity": 1200.0, "coordinate_accuracy": "approximate"}}, {"type": "Feature", "geometry": {"type": "Point", "coordinates": [82.55, 22.5]}, "properties": {"facility_id": "L100000102140", "facility_type": "coal_power", "facility_name": "Dhanras power station", "country": "India", "status": "cancelled", "capacity": 1050.0, "coordinate_accuracy": "approximate"}}, {"type": "Feature", "geometry": {"type": "Point", "coordinates": [82.451606, 21.878943]}, "properties": {"facility_id": "L100000102141", "facility_type": "coal_power", "facility_name": "Dhardai power station", "country": "India", "status": "cancelled", "capacity": 1200.0, "coordinate_accuracy": "approximate"}}, {"type": "Feature", "geometry": {"type": "Point", "coordinates": [83.5359192, 22.1279449]}, "properties": {"facility_id": "L100000102142", "facility_type": "coal_power", "facility_name": "Dongamahua Captive Power Plant", "country": "India", "status": "operating", "capacity": 840.0, "coordinate_accuracy": "exact"}}, {"type": "Feature", "geometry": {"type": "Point", "coordinates": [82.721986, 22.368196]}, "properties": {"facility_id": "L100000102143", "facility_type": "coal_power", "facility_name": "Dr. Shyama Prasad Mukherjee Thermal Power Station", "country": "India", "status": "operating", "capacity": 500.0, "coordinate_accuracy": "exact"}}, {"type": "Feature", "geometry": {"type": "Point", "coordinates": [83.352778, 22.1525]}, "properties": {"facility_id": "L100000102144", "facility_type": "coal_power", "facility_name": "Gare Pelma power station", "country": "India", "status": "cancelled", "capacity": 2640.0, "coordinate_accuracy": "exact"}}, {"type": "Feature", "geometry": {"type": "Point", "coordinates": [82.604828, 21.826445]}, "properties": {"facility_id": "L100000102145", "facility_type": "coal_power", "facility_name": "Godhna power station", "country": "India", "status": "pre-permit", "capacity": 2400.0, "coordinate_accuracy": "approximate"}}, {"type": "Feature", "geometry": {"type": "Point", "coordinates": [83.393583, 21.89304]}, "properties": {"facility_id": "L100000102146", "facility_type": "coal_power", "facility_name": "Gorra Thermal Power Plant", "country": "India", "status": "cancelled", "capacity": 540.0, "coordinate_accuracy": "approximate"}}, {"type": "Feature", "geometry": {"type": "Point", "coordinates": [83.521944, 22.393333]}, "properties": {"facility_id": "L100000102147", "facility_type": "coal_power", "facility_name": "Hamirpur power station", "country": "India", "status": "cancelled", "capacity": 600.0, "coordinate_accuracy": "exact"}}, {"type": "Feature", "geometry": {"type": "Point", "coordinates": [82.682187, 22.412536]}, "properties": {"facility_id": "L100000102148", "facility_type": "coal_power", "facility_name": "Hasdeo Thermal Power Station", "country": "India", "status": "operating", "capacity": 2660.0, "coordinate_accuracy": "exact"}}, {"type": "Feature", "geometry": {"type": "Point", "coordinates": [82.6689, 22.003538]}, "properties": {"facility_id": "L100000102149", "facility_type": "coal_power", "facility_name": "Hathneora Captive Power Plant", "country": "India", "status": "operating", "capacity": 662.5, "coordinate_accuracy": "exact"}}, {"type": "Feature", "geometry": {"type": "Point", "coordinates": [82.776944, 22.920278]}, "properties": {"facility_id": "L100000102150", "facility_type": "coal_power", "facility_name": "IFFCO-CSPGCL Thermal Power Project", "country": "India", "status": "cancelled", "capacity": 1320.0, "coordinate_accuracy": "exact"}}, {"type": "Feature", "geometry": {"type": "Point", "coordinates": [82.169194, 19.093632]}, "properties": {"facility_id": "L100000102151", "facility_type": "coal_power", "facility_name": "Jagdalpur Steel captive power station", "country": "India", "status": "cancelled", "capacity": 250.0, "coordinate_accuracy": "approximate"}}, {"type": "Feature", "geometry": {"type": "Point", "coordinates": [82.5549, 22.38895]}, "properties": {"facility_id": "L100000102152", "facility_type": "coal_power", "facility_name": "Kasaipalli power station", "country": "India", "status": "operating", "capacity": 270.0, "coordinate_accuracy": "exact"}}, {"type": "Feature", "geometry": {"type": "Point", "coordinates": [82.60618, 22.489779]}, "properties": {"facility_id": "L100000102153", "facility_type": "coal_power", "facility_name": "Katghora power station", "country": "India", "status": "operating", "capacity": 35.0, "coordinate_accuracy": "exact"}}, {"type": "Feature", "geometry": {"type": "Point", "coordinates": [83.339957, 21.92771]}, "properties": {"facility_id": "L100000102154", "facility_type": "coal_power", "facility_name": "Khamhar power station", "country": "India", "status": "cancelled", "capacity": 1440.0, "coordinate_accuracy": "exact"}}, {"type": "Feature", "geometry": {"type": "Point", "coordinates": [82.683, 22.35]}, "properties": {"facility_id": "L100000102155", "facility_type": "coal_power", "facility_name": "Korba Essar power station", "country": "India", "status": "cancelled", "capacity": 1000.0, "coordinate_accuracy": "approximate"}}, {"type": "Feature", "geometry": {"type": "Point", "coordinates": [82.760328, 22.367321]}, "properties": {"facility_id": "L100000102156", "facility_type": "coal_power", "facility_name": "Korba South Thermal Power Project", "country": "India", "status": "cancelled", "capacity": 1000.0, "coordinate_accuracy": "approximate"}}, {"type": "Feature", "geometry": {"type": "Point", "coordinates": [82.6818961, 22.3874221]}, "properties": {"facility_id": "L100000102157", "facility_type": "coal_power", "facility_name": "Korba Super Thermal Power Station (NTPC)", "country": "India", "status": "operating", "capacity": 2600.0, "coordinate_accuracy": "exact"}}, {"type": "Feature", "geometry": {"type": "Point", "coordinates": [82.719496, 22.383369]}, "properties": {"facility_id": "L100000102158", "facility_type": "coal_power", "facility_name": "Korba Thermal power station", "country": "India", "status": "retired", "capacity": 440.0, "coordinate_accuracy": "exact"}}, {"type": "Feature", "geometry": {"type": "Point", "coordinates": [82.409064, 21.960296]}, "properties": {"facility_id": "L100000102159", "facility_type": "coal_power", "facility_name": "KSK Mahanadi Power Project", "country": "India", "status": "operating", "capacity": 3600.0, "coordinate_accuracy": "exact"}}, {"type": "Feature", "geometry": {"type": "Point", "coordinates": [82.572849, 22.749905]}, "properties": {"facility_id": "L100000102160", "facility_type": "coal_power", "facility_name": "KSK Narmada Power Project", "country": "India", "status": "cancelled", "capacity": 1800.0, "coordinate_accuracy": "approximate"}}, {"type": "Feature", "geometry": {"type": "Point", "coordinates": [83.54, 21.8475]}, "properties": {"facility_id": "L100000102161", "facility_type": "coal_power", "facility_name": "Kukurda power station", "country": "India", "status": "cancelled", "capacity": 1320.0, "coordinate_accuracy": "approximate"}}, {"type": "Feature", "geometry": {"type": "Point", "coordinates": [82.7246, 22.2454]}, "properties": {"facility_id": "L100000102162", "facility_type": "coal_power", "facility_name": "Korba Power Thermal Power Plant (Adani)", "country": "India", "status": "operating", "capacity": 3520.0, "coordinate_accuracy": "exact"}}, {"type": "Feature", "geometry": {"type": "Point", "coordinates": [83.457545, 21.757661]}, "properties": {"facility_id": "L100000102164", "facility_type": "coal_power", "facility_name": "Lara Integrated Thermal Power Project", "country": "India", "status": "operating", "capacity": 5600.0, "coordinate_accuracy": "exact"}}, {"type": "Feature", "geometry": {"type": "Point", "coordinates": [82.602189, 22.070801]}, "properties": {"facility_id": "L100000102165", "facility_type": "coal_power", "facility_name": "Marwa power station", "country": "India", "status": "operating", "capacity": 1000.0, "coordinate_accuracy": "exact"}}, {"type": "Feature", "geometry": {"type": "Point", "coordinates": [82.615414, 21.993352]}, "properties": {"facility_id": "L100000102166", "facility_type": "coal_power", "facility_name": "Moser Baer Captive Power Project", "country": "India", "status": "cancelled", "capacity": 150.0, "coordinate_accuracy": "approximate"}}, {"type": "Feature", "geometry": {"type": "Point", "coordinates": [83.4973385, 21.871813]}, "properties": {"facility_id": "L100000102167", "facility_type": "coal_power", "facility_name": "Raigarh Ind Power power station", "country": "India", "status": "operating", "capacity": 65.0, "coordinate_accuracy": "exact"}}, {"type": "Feature", "geometry": {"type": "Point", "coordinates": [83.345444, 21.924951]}, "properties": {"facility_id": "L100000102168", "facility_type": "coal_power", "facility_name": "Raigarh Jindal power station", "country": "India", "status": "operating", "capacity": 240.0, "coordinate_accuracy": "exact"}}, {"type": "Feature", "geometry": {"type": "Point", "coordinates": [83.128556, 21.906738]}, "properties": {"facility_id": "L100000102169", "facility_type": "coal_power", "facility_name": "Raigarh TRN Power Project", "country": "India", "status": "operating", "capacity": 600.0, "coordinate_accuracy": "exact"}}, {"type": "Feature", "geometry": {"type": "Point", "coordinates": [83.464722, 21.898611]}, "properties": {"facility_id": "L100000102170", "facility_type": "coal_power", "facility_name": "Raigarh Project (Jindal)", "country": "India", "status": "cancelled", "capacity": 1320.0, "coordinate_accuracy": "approximate"}}, {"type": "Feature", "geometry": {"type": "Point", "coordinates": [83.279114, 21.919374]}, "properties": {"facility_id": "L100000102171", "facility_type": "coal_power", "facility_name": "Raigarh project (VISA Power)", "country": "India", "status": "cancelled", "capacity": 1200.0, "coordinate_accuracy": "exact"}}, {"type": "Feature", "geometry": {"type": "Point", "coordinates": [83.231306, 21.987781]}, "properties": {"facility_id": "L100000102172", "facility_type": "coal_power", "facility_name": "JSW Ispat Raigarh power station", "country": "India", "status": "operating", "capacity": 224.0, "coordinate_accuracy": "exact"}}, {"type": "Feature", "geometry": {"type": "Point", "coordinates": [81.852474, 21.449918]}, "properties": {"facility_id": "L100000102173", "facility_type": "coal_power", "facility_name": "Raikheda power station", "country": "India", "status": "operating", "capacity": 4570.0, "coordinate_accuracy": "exact"}}, {"type": "Feature", "geometry": {"type": "Point", "coordinates": [81.6131832, 21.311968]}, "properties": {"facility_id": "L100000102174", "facility_type": "coal_power", "facility_name": "Raipur Jain power station", "country": "India", "status": "operating", "capacity": 45.0, "coordinate_accuracy": "exact"}}, {"type": "Feature", "geometry": {"type": "Point", "coordinates": [81.672524, 21.3437612]}, "properties": {"facility_id": "L100000102175", "facility_type": "coal_power", "facility_name": "Raipur Neco power station", "country": "India", "status": "operating", "capacity": 55.0, "coordinate_accuracy": "exact"}}, {"type": "Feature", "geometry": {"type": "Point", "coordinates": [83.231306, 21.987781]}, "properties": {"facility_id": "L100000102176", "facility_type": "coal_power", "facility_name": "Raipur Sponge Iron power station", "country": "India", "status": "operating", "capacity": 37.5, "coordinate_accuracy": "exact"}}, {"type": "Feature", "geometry": {"type": "Point", "coordinates": [82.492776, 22.339994]}, "properties": {"facility_id": "L100000102177", "facility_type": "coal_power", "facility_name": "Ratija Power Project", "country": "India", "status": "operating", "capacity": 100.0, "coordinate_accuracy": "exact"}}, {"type": "Feature", "geometry": {"type": "Point", "coordinates": [74.609613, 24.764914]}, "properties": {"facility_id": "L100000102178", "facility_type": "coal_power", "facility_name": "Rawan Cement power station", "country": "India", "status": "operating", "capacity": 30.0, "coordinate_accuracy": "exact"}}, {"type": "Feature", "geometry": {"type": "Point", "coordinates": [82.606239, 22.489952]}, "properties": {"facility_id": "L100000102179", "facility_type": "coal_power", "facility_name": "Salora power station", "country": "India", "status": "operating", "capacity": 1860.0, "coordinate_accuracy": "exact"}}, {"type": "Feature", "geometry": {"type": "Point", "coordinates": [83.531256, 21.865163]}, "properties": {"facility_id": "L100000102180", "facility_type": "coal_power", "facility_name": "Sapnai power station", "country": "India", "status": "cancelled", "capacity": 1260.0, "coordinate_accuracy": "approximate"}}, {"type": "Feature", "geometry": {"type": "Point", "coordinates": [83.16892, 21.753253]}, "properties": {"facility_id": "L100000102181", "facility_type": "coal_power", "facility_name": "Sapos power station (BEC Power)", "country": "India", "status": "cancelled", "capacity": 500.0, "coordinate_accuracy": "approximate"}}, {"type": "Feature", "geometry": {"type": "Point", "coordinates": [83.167477, 21.756311]}, "properties": {"facility_id": "L100000102182", "facility_type": "coal_power", "facility_name": "Sapos power station (Suryachakra)", "country": "India", "status": "cancelled", "capacity": 1320.0, "coordinate_accuracy": "approximate"}}, {"type": "Feature", "geometry": {"type": "Point", "coordinates": [81.646357, 21.391385]}, "properties": {"facility_id": "L100000102183", "facility_type": "coal_power", "facility_name": "Siltara SKS power station", "country": "India", "status": "operating", "capacity": 30.0, "coordinate_accuracy": "exact"}}, {"type": "Feature", "geometry": {"type": "Point", "coordinates": [81.6844096, 21.3732303]}, "properties": {"facility_id": "L100000102184", "facility_type": "coal_power", "facility_name": "Siltara Works power station", "country": "India", "status": "operating", "capacity": 30.0, "coordinate_accuracy": "exact"}}, {"type": "Feature", "geometry": {"type": "Point", "coordinates": [82.29035, 22.131662]}, "properties": {"facility_id": "L100000102185", "facility_type": "coal_power", "facility_name": "Sipat power station", "country": "India", "status": "operating", "capacity": 3780.0, "coordinate_accuracy": "exact"}}, {"type": "Feature", "geometry": {"type": "Point", "coordinates": [83.2, 23.12]}, "properties": {"facility_id": "L100000102186", "facility_type": "coal_power", "facility_name": "Surguja power station", "country": "India", "status": "cancelled", "capacity": 600.0, "coordinate_accuracy": "approximate"}}, {"type": "Feature", "geometry": {"type": "Point", "coordinates": [83.417587, 23.453168]}, "properties": {"facility_id": "L100000102187", "facility_type": "coal_power", "facility_name": "Surguja Ultra Mega Power Project", "country": "India", "status": "cancelled", "capacity": 4000.0, "coordinate_accuracy": "approximate"}}, {"type": "Feature", "geometry": {"type": "Point", "coordinates": [82.5254, 22.292]}, "properties": {"facility_id": "L100000102188", "facility_type": "coal_power", "facility_name": "SVPL power station", "country": "India", "status": "operating", "capacity": 363.0, "coordinate_accuracy": "exact"}}, {"type": "Feature", "geometry": {"type": "Point", "coordinates": [83.451312, 22.098747]}, "properties": {"facility_id": "L100000102189", "facility_type": "coal_power", "facility_name": "Tamnar power station", "country": "India", "status": "operating", "capacity": 3400.0, "coordinate_accuracy": "exact"}}, {"type": "Feature", "geometry": {"type": "Point", "coordinates": [83.12081, 21.8864]}, "properties": {"facility_id": "L100000102190", "facility_type": "coal_power", "facility_name": "Uchpinda power station", "country": "India", "status": "operating", "capacity": 1440.0, "coordinate_accuracy": "exact"}}, {"type": "Feature", "geometry": {"type": "Point", "coordinates": [77.307406, 28.505394]}, "properties": {"facility_id": "L100000102191", "facility_type": "coal_power", "facility_name": "Badarpur power station", "country": "India", "status": "retired", "capacity": 705.0, "coordinate_accuracy": "exact"}}, {"type": "Feature", "geometry": {"type": "Point", "coordinates": [77.254184, 28.635832]}, "properties": {"facility_id": "L100000102192", "facility_type": "coal_power", "facility_name": "Rajghat power station", "country": "India", "status": "retired", "capacity": 135.0, "coordinate_accuracy": "exact"}}, {"type": "Feature", "geometry": {"type": "Point", "coordinates": [68.6455556, 23.7724998]}, "properties": {"facility_id": "L100000102193", "facility_type": "coal_power", "facility_name": "Akrimota Power Project", "country": "India", "status": "operating", "capacity": 500.0, "coordinate_accuracy": "exact"}}, {"type": "Feature", "geometry": {"type": "Point", "coordinates": [70.69554, 20.835455]}, "properties": {"facility_id": "L100000102194", "facility_type": "coal_power", "facility_name": "Ambujanagar Cement Plant power station", "country": "India", "status": "operating", "capacity": 90.0, "coordinate_accuracy": "exact"}}, {"type": "Feature", "geometry": {"type": "Point", "coordinates": [71.21817, 21.602871]}, "properties": {"facility_id": "L100000102195", "facility_type": "coal_power", "facility_name": "Amreli power station", "country": "India", "status": "cancelled", "capacity": 1320.0, "coordinate_accuracy": "approximate"}}, {"type": "Feature", "geometry": {"type": "Point", "coordinates": [69.899944, 22.909409]}, "properties": {"facility_id": "L100000102196", "facility_type": "coal_power", "facility_name": "Bhadreshwar Thermal Power Project (Adani)", "country": "India", "status": "cancelled", "capacity": 3300.0, "coordinate_accuracy": "approximate"}}, {"type": "Feature", "geometry": {"type": "Point", "coordinates": [69.896263, 22.896182]}, "properties": {"facility_id": "L100000102197", "facility_type": "coal_power", "facility_name": "Bhadreshwar power station (OPG)", "country": "India", "status": "operating", "capacity": 300.0, "coordinate_accuracy": "exact"}}, {"type": "Feature", "geometry": {"type": "Point", "coordinates": [70.067, 22.467]}, "properties": {"facility_id": "L100000102198", "facility_type": "coal_power", "facility_name": "Bhatvadia power station", "country": "India", "status": "cancelled", "capacity": 3960.0, "coordinate_accuracy": "exact"}}, {"type": "Feature", "geometry": {"type": "Point", "coordinates": [72.222179, 21.583152]}, "properties": {"facility_id": "L100000102199", "facility_type": "coal_power", "facility_name": "Bhavnagar power station", "country": "India", "status": "operating", "capacity": 500.0, "coordinate_accuracy": "exact"}}, {"type": "Feature", "geometry": {"type": "Point", "coordinates": [71.482995, 20.971759]}, "properties": {"facility_id": "L100000102200", "facility_type": "coal_power", "facility_name": "Bherai power station", "country": "India", "status": "cancelled", "capacity": 1320.0, "coordinate_accuracy": "approximate"}}, {"type": "Feature", "geometry": {"type": "Point", "coordinates": [70.277363, 22.57809]}, "properties": {"facility_id": "L100000102202", "facility_type": "coal_power", "facility_name": "Birla Jamnagar power station", "country": "India", "status": "cancelled", "capacity": 1320.0, "coordinate_accuracy": "approximate"}}, {"type": "Feature", "geometry": {"type": "Point", "coordinates": [72.592506, 21.697468]}, "properties": {"facility_id": "L100000102203", "facility_type": "coal_power", "facility_name": "Dahej Thermal Power Project", "country": "India", "status": "cancelled", "capacity": 3200.0, "coordinate_accuracy": "approximate"}}, {"type": "Feature", "geometry": {"type": "Point", "coordinates": [72.195, 22.248]}, "properties": {"facility_id": "L100000102204", "facility_type": "coal_power", "facility_name": "Dholera Power Plant", "country": "India", "status": "cancelled", "capacity": 1600.0, "coordinate_accuracy": "approximate"}}, {"type": "Feature", "geometry": {"type": "Point", "coordinates": [72.757241, 22.233007]}, "properties": {"facility_id": "L100000102206", "facility_type": "coal_power", "facility_name": "Dhuvaran Super Thermal Power Project", "country": "India", "status": "cancelled", "capacity": 1600.0, "coordinate_accuracy": "exact"}}, {"type": "Feature", "geometry": {"type": "Point", "coordinates": [72.673889, 23.249722]}, "properties": {"facility_id": "L100000102207", "facility_type": "coal_power", "facility_name": "Gandhinagar Thermal Power Station", "country": "India", "status": "operating", "capacity": 1670.0, "coordinate_accuracy": "exact"}}, {"type": "Feature", "geometry": {"type": "Point", "coordinates": [73.168617, 21.573757]}, "properties": {"facility_id": "L100000102209", "facility_type": "coal_power", "facility_name": "Gujarat Power Project", "country": "India", "status": "cancelled", "capacity": 500.0, "coordinate_accuracy": "approximate"}}, {"type": "Feature", "geometry": {"type": "Point", "coordinates": [72.640545, 21.119078]}, "properties": {"facility_id": "L100000102210", "facility_type": "coal_power", "facility_name": "Hazira power station (Essar)", "country": "India", "status": "operating", "capacity": 270.0, "coordinate_accuracy": "exact"}}, {"type": "Feature", "geometry": {"type": "Point", "coordinates": [71.3667, 20.8667]}, "properties": {"facility_id": "L100000102211", "facility_type": "coal_power", "facility_name": "Jafrabad power station", "country": "India", "status": "cancelled", "capacity": 1320.0, "coordinate_accuracy": "approximate"}}, {"type": "Feature", "geometry": {"type": "Point", "coordinates": [70.8167, 20.75]}, "properties": {"facility_id": "L100000102212", "facility_type": "coal_power", "facility_name": "Kaj/Nanavada power station", "country": "India", "status": "cancelled", "capacity": 1320.0, "coordinate_accuracy": "approximate"}}, {"type": "Feature", "geometry": {"type": "Point", "coordinates": [68.784128, 23.663934]}, "properties": {"facility_id": "L100000102213", "facility_type": "coal_power", "facility_name": "Kutch GSECL power station", "country": "India", "status": "operating", "capacity": 290.0, "coordinate_accuracy": "exact"}}, {"type": "Feature", "geometry": {"type": "Point", "coordinates": [70.0822, 23.1175]}, "properties": {"facility_id": "L100000102214", "facility_type": "coal_power", "facility_name": "Kutch Welspun power station", "country": "India", "status": "operating", "capacity": 123.0, "coordinate_accuracy": "exact"}}, {"type": "Feature", "geometry": {"type": "Point", "coordinates": [71.3667, 20.8667]}, "properties": {"facility_id": "L100000102215", "facility_type": "coal_power", "facility_name": "Lunsapur power station", "country": "India", "status": "cancelled", "capacity": 1320.0, "coordinate_accuracy": "approximate"}}, {"type": "Feature", "geometry": {"type": "Point", "coordinates": [69.39, 22.86]}, "properties": {"facility_id": "L100000102216", "facility_type": "coal_power", "facility_name": "Mota Layja power station", "country": "India", "status": "cancelled", "capacity": 3960.0, "coordinate_accuracy": "approximate"}}, {"type": "Feature", "geometry": {"type": "Point", "coordinates": [69.5511094, 22.8235596]}, "properties": {"facility_id": "L100000102217", "facility_type": "coal_power", "facility_name": "Mundra Thermal Power Project (Adani)", "country": "India", "status": "operating", "capacity": 7620.0, "coordinate_accuracy": "exact"}}, {"type": "Feature", "geometry": {"type": "Point", "coordinates": [69.65, 22.2]}, "properties": {"facility_id": "L100000102218", "facility_type": "coal_power", "facility_name": "Nana Madha power station", "country": "India", "status": "cancelled", "capacity": 600.0, "coordinate_accuracy": "approximate"}}, {"type": "Feature", "geometry": {"type": "Point", "coordinates": [69.0702, 22.464918]}, "properties": {"facility_id": "L100000102219", "facility_type": "coal_power", "facility_name": "Okha power station", "country": "India", "status": "cancelled", "capacity": 2560.0, "coordinate_accuracy": "approximate"}}, {"type": "Feature", "geometry": {"type": "Point", "coordinates": [72.979, 21.78]}, "properties": {"facility_id": "L100000102220", "facility_type": "coal_power", "facility_name": "Paguthan power station", "country": "India", "status": "cancelled", "capacity": 2000.0, "coordinate_accuracy": "exact"}}, {"type": "Feature", "geometry": {"type": "Point", "coordinates": [71.43, 21.05]}, "properties": {"facility_id": "L100000102221", "facility_type": "coal_power", "facility_name": "Pipavav power station", "country": "India", "status": "cancelled", "capacity": 2520.0, "coordinate_accuracy": "approximate"}}, {"type": "Feature", "geometry": {"type": "Point", "coordinates": [71.43, 21.05]}, "properties": {"facility_id": "L100000102222", "facility_type": "coal_power", "facility_name": "Pipavav Videocon power station", "country": "India", "status": "cancelled", "capacity": 1200.0, "coordinate_accuracy": "approximate"}}, {"type": "Feature", "geometry": {"type": "Point", "coordinates": [72.593889, 23.070555]}, "properties": {"facility_id": "L100000102223", "facility_type": "coal_power", "facility_name": "Sabarmati power station", "country": "India", "status": "operating", "capacity": 422.0, "coordinate_accuracy": "exact"}}, {"type": "Feature", "geometry": {"type": "Point", "coordinates": [69.7101, 22.3049]}, "properties": {"facility_id": "L100000102224", "facility_type": "coal_power", "facility_name": "Salaya power plant", "country": "India", "status": "operating", "capacity": 4720.0, "coordinate_accuracy": "exact"}}, {"type": "Feature", "geometry": {"type": "Point", "coordinates": [69.8276, 22.420828]}, "properties": {"facility_id": "L100000102225", "facility_type": "coal_power", "facility_name": "Sikka Thermal Power Station", "country": "India", "status": "operating", "capacity": 1540.0, "coordinate_accuracy": "exact"}}, {"type": "Feature", "geometry": {"type": "Point", "coordinates": [70.272828, 21.012822]}, "properties": {"facility_id": "L100000102226", "facility_type": "coal_power", "facility_name": "Simar power station", "country": "India", "status": "cancelled", "capacity": 1600.0, "coordinate_accuracy": "approximate"}}, {"type": "Feature", "geometry": {"type": "Point", "coordinates": [73.3, 22.0]}, "properties": {"facility_id": "L100000102227", "facility_type": "coal_power", "facility_name": "Sinor power station", "country": "India", "status": "cancelled", "capacity": 1600.0, "coordinate_accuracy": "approximate"}}, {"type": "Feature", "geometry": {"type": "Point", "coordinates": [73.106993, 21.397304]}, "properties": {"facility_id": "L100000102228", "facility_type": "coal_power", "facility_name": "Surat Lignite Power Plant", "country": "India", "status": "operating", "capacity": 1100.0, "coordinate_accuracy": "exact"}}, {"type": "Feature", "geometry": {"type": "Point", "coordinates": [72.683333, 23.216667]}, "properties": {"facility_id": "L100000102229", "facility_type": "coal_power", "facility_name": "Suryachakra captive power plant", "country": "India", "status": "cancelled", "capacity": 200.0, "coordinate_accuracy": "approximate"}}, {"type": "Feature", "geometry": {"type": "Point", "coordinates": [69.5281, 22.8158]}, "properties": {"facility_id": "L100000102230", "facility_type": "coal_power", "facility_name": "Tata Mundra Ultra Mega Power Project", "country": "India", "status": "operating", "capacity": 5660.0, "coordinate_accuracy": "exact"}}, {"type": "Feature", "geometry": {"type": "Point", "coordinates": [73.5574, 21.2093]}, "properties": {"facility_id": "L100000102231", "facility_type": "coal_power", "facility_name": "Ukai Thermal Power Station", "country": "India", "status": "operating", "capacity": 2950.0, "coordinate_accuracy": "exact"}}, {"type": "Feature", "geometry": {"type": "Point", "coordinates": [72.9024971, 21.7777531]}, "properties": {"facility_id": "L100000102232", "facility_type": "coal_power", "facility_name": "Vilayat Caustic power station", "country": "India", "status": "operating", "capacity": 90.0, "coordinate_accuracy": "exact"}}, {"type": "Feature", "geometry": {"type": "Point", "coordinates": [73.3588028, 22.8725375]}, "properties": {"facility_id": "L100000102233", "facility_type": "coal_power", "facility_name": "Wanakbori Thermal Power Station", "country": "India", "status": "operating", "capacity": 2270.0, "coordinate_accuracy": "exact"}}, {"type": "Feature", "geometry": {"type": "Point", "coordinates": [77.3267646, 30.1075175]}, "properties": {"facility_id": "L100000102234", "facility_type": "coal_power", "facility_name": "Deenbandhu Chhotu Ram Thermal Power Plant", "country": "India", "status": "operating", "capacity": 1400.0, "coordinate_accuracy": "exact"}}, {"type": "Feature", "geometry": {"type": "Point", "coordinates": [77.305482, 28.374443]}, "properties": {"facility_id": "L100000102236", "facility_type": "coal_power", "facility_name": "Faridabad power station", "country": "India", "status": "retired", "capacity": 165.0, "coordinate_accuracy": "exact"}}, {"type": "Feature", "geometry": {"type": "Point", "coordinates": [76.37316, 28.485091]}, "properties": {"facility_id": "L100000102237", "facility_type": "coal_power", "facility_name": "Indira Gandhi Super Thermal Power Project", "country": "India", "status": "operating", "capacity": 2820.0, "coordinate_accuracy": "exact"}}, {"type": "Feature", "geometry": {"type": "Point", "coordinates": [76.352534, 28.488143]}, "properties": {"facility_id": "L100000102238", "facility_type": "coal_power", "facility_name": "Mahatma Gandhi power station", "country": "India", "status": "operating", "capacity": 2920.0, "coordinate_accuracy": "exact"}}, {"type": "Feature", "geometry": {"type": "Point", "coordinates": [76.8763161, 29.3975059]}, "properties": {"facility_id": "L100000102239", "facility_type": "coal_power", "facility_name": "Panipat power station", "country": "India", "status": "operating", "capacity": 3760.0, "coordinate_accuracy": "exact"}}, {"type": "Feature", "geometry": {"type": "Point", "coordinates": [75.857538, 29.34698]}, "properties": {"facility_id": "L100000102240", "facility_type": "coal_power", "facility_name": "Rajiv Gandhi Thermal Power Project", "country": "India", "status": "operating", "capacity": 2000.0, "coordinate_accuracy": "exact"}}, {"type": "Feature", "geometry": {"type": "Point", "coordinates": [87.135465, 24.814107]}, "properties": {"facility_id": "L100000102243", "facility_type": "coal_power", "facility_name": "Adani Godda power station", "country": "India", "status": "operating", "capacity": 1600.0, "coordinate_accuracy": "exact"}}, {"type": "Feature", "geometry": {"type": "Point", "coordinates": [85.708852, 23.192189]}, "properties": {"facility_id": "L100000102245", "facility_type": "coal_power", "facility_name": "Baranda power station", "country": "India", "status": "cancelled", "capacity": 900.0, "coordinate_accuracy": "approximate"}}, {"type": "Feature", "geometry": {"type": "Point", "coordinates": [83.81, 24.17]}, "properties": {"facility_id": "L100000102246", "facility_type": "coal_power", "facility_name": "Bhawnathpur power station", "country": "India", "status": "cancelled", "capacity": 1320.0, "coordinate_accuracy": "approximate"}}, {"type": "Feature", "geometry": {"type": "Point", "coordinates": [84.47, 23.73]}, "properties": {"facility_id": "L100000102247", "facility_type": "coal_power", "facility_name": "Bhusar power station", "country": "India", "status": "cancelled", "capacity": 660.0, "coordinate_accuracy": "approximate"}}, {"type": "Feature", "geometry": {"type": "Point", "coordinates": [85.883391, 23.782944]}, "properties": {"facility_id": "L100000102248", "facility_type": "coal_power", "facility_name": "Bokaro Thermal Power Station", "country": "India", "status": "operating", "capacity": 1130.0, "coordinate_accuracy": "exact"}}, {"type": "Feature", "geometry": {"type": "Point", "coordinates": [86.092944, 23.685875]}, "properties": {"facility_id": "L100000102250", "facility_type": "coal_power", "facility_name": "Bokaro Steel City Thermal Power Station", "country": "India", "status": "operating", "capacity": 326.0, "coordinate_accuracy": "exact"}}, {"type": "Feature", "geometry": {"type": "Point", "coordinates": [86.72, 22.48]}, "properties": {"facility_id": "L100000102251", "facility_type": "coal_power", "facility_name": "Chandil Singh power station", "country": "India", "status": "cancelled", "capacity": 1320.0, "coordinate_accuracy": "approximate"}}, {"type": "Feature", "geometry": {"type": "Point", "coordinates": [86.1202088, 23.7412565]}, "properties": {"facility_id": "L100000102252", "facility_type": "coal_power", "facility_name": "Chandrapura power station", "country": "India", "status": "operating", "capacity": 2490.0, "coordinate_accuracy": "exact"}}, {"type": "Feature", "geometry": {"type": "Point", "coordinates": [84.781859, 23.739508]}, "properties": {"facility_id": "L100000102253", "facility_type": "coal_power", "facility_name": "Chandwa Power Project", "country": "India", "status": "cancelled", "capacity": 2415.0, "coordinate_accuracy": "exact"}}, {"type": "Feature", "geometry": {"type": "Point", "coordinates": [86.7, 24.49]}, "properties": {"facility_id": "L100000102254", "facility_type": "coal_power", "facility_name": "Chapariya power station", "country": "India", "status": "cancelled", "capacity": 1320.0, "coordinate_accuracy": "approximate"}}, {"type": "Feature", "geometry": {"type": "Point", "coordinates": [85.272247, 23.691349]}, "properties": {"facility_id": "L100000102255", "facility_type": "coal_power", "facility_name": "Chichro Patsimal power station", "country": "India", "status": "cancelled", "capacity": 2000.0, "coordinate_accuracy": "approximate"}}, {"type": "Feature", "geometry": {"type": "Point", "coordinates": [86.72, 23.78]}, "properties": {"facility_id": "L100000102256", "facility_type": "coal_power", "facility_name": "Danbhum power station", "country": "India", "status": "cancelled", "capacity": 1320.0, "coordinate_accuracy": "approximate"}}, {"type": "Feature", "geometry": {"type": "Point", "coordinates": [86.597778, 24.36]}, "properties": {"facility_id": "L100000102257", "facility_type": "coal_power", "facility_name": "Deoghar Ultra Mega Power Project", "country": "India", "status": "cancelled", "capacity": 4000.0, "coordinate_accuracy": "exact"}}, {"type": "Feature", "geometry": {"type": "Point", "coordinates": [87.246407, 24.263371]}, "properties": {"facility_id": "L100000102258", "facility_type": "coal_power", "facility_name": "Dumka power station (CESC)", "country": "India", "status": "cancelled", "capacity": 1260.0, "coordinate_accuracy": "approximate"}}, {"type": "Feature", "geometry": {"type": "Point", "coordinates": [87.25, 24.2667]}, "properties": {"facility_id": "L100000102259", "facility_type": "coal_power", "facility_name": "Dumka power station (Gagan)", "country": "India", "status": "cancelled", "capacity": 1600.0, "coordinate_accuracy": "approximate"}}, {"type": "Feature", "geometry": {"type": "Point", "coordinates": [87.246407, 24.263371]}, "properties": {"facility_id": "L100000102260", "facility_type": "coal_power", "facility_name": "Dumka power station (Jindal)", "country": "India", "status": "cancelled", "capacity": 2640.0, "coordinate_accuracy": "approximate"}}, {"type": "Feature", "geometry": {"type": "Point", "coordinates": [87.213676, 24.82786]}, "properties": {"facility_id": "L100000102262", "facility_type": "coal_power", "facility_name": "Godda Project", "country": "India", "status": "cancelled", "capacity": 1320.0, "coordinate_accuracy": "approximate"}}, {"type": "Feature", "geometry": {"type": "Point", "coordinates": [85.657485, 23.48362]}, "properties": {"facility_id": "L100000102263", "facility_type": "coal_power", "facility_name": "Gola power station", "country": "India", "status": "operating", "capacity": 126.0, "coordinate_accuracy": "exact"}}, {"type": "Feature", "geometry": {"type": "Point", "coordinates": [85.94376, 23.018671]}, "properties": {"facility_id": "L100000102264", "facility_type": "coal_power", "facility_name": "Ichagarh power station", "country": "India", "status": "cancelled", "capacity": 1980.0, "coordinate_accuracy": "approximate"}}, {"type": "Feature", "geometry": {"type": "Point", "coordinates": [86.200088, 22.787368]}, "properties": {"facility_id": "L100000102265", "facility_type": "coal_power", "facility_name": "Jamshedpur Works power station", "country": "India", "status": "operating", "capacity": 90.0, "coordinate_accuracy": "exact"}}, {"type": "Feature", "geometry": {"type": "Point", "coordinates": [85.272247, 23.691349]}, "properties": {"facility_id": "L100000102267", "facility_type": "coal_power", "facility_name": "Jindal Patratu captive power station", "country": "India", "status": "cancelled", "capacity": 1320.0, "coordinate_accuracy": "approximate"}}, {"type": "Feature", "geometry": {"type": "Point", "coordinates": [86.2491, 22.7554]}, "properties": {"facility_id": "L100000102268", "facility_type": "coal_power", "facility_name": "Jojobera Power Plant", "country": "India", "status": "operating", "capacity": 547.5, "coordinate_accuracy": "exact"}}, {"type": "Feature", "geometry": {"type": "Point", "coordinates": [84.951289, 22.919791]}, "properties": {"facility_id": "L100000102269", "facility_type": "coal_power", "facility_name": "Kamdara power station (Jindal)", "country": "India", "status": "cancelled", "capacity": 2640.0, "coordinate_accuracy": "approximate"}}, {"type": "Feature", "geometry": {"type": "Point", "coordinates": [84.951289, 22.919791]}, "properties": {"facility_id": "L100000102270", "facility_type": "coal_power", "facility_name": "Kamdara power station", "country": "India", "status": "cancelled", "capacity": 1320.0, "coordinate_accuracy": "approximate"}}, {"type": "Feature", "geometry": {"type": "Point", "coordinates": [85.561899, 24.391534]}, "properties": {"facility_id": "L100000102272", "facility_type": "coal_power", "facility_name": "Koderma Thermal Power Station", "country": "India", "status": "operating", "capacity": 2600.0, "coordinate_accuracy": "exact"}}, {"type": "Feature", "geometry": {"type": "Point", "coordinates": [85.09262, 22.935627]}, "properties": {"facility_id": "L100000102273", "facility_type": "coal_power", "facility_name": "KVK Jharkhand project", "country": "India", "status": "cancelled", "capacity": 1000.0, "coordinate_accuracy": "approximate"}}, {"type": "Feature", "geometry": {"type": "Point", "coordinates": [84.47, 23.73]}, "properties": {"facility_id": "L100000102274", "facility_type": "coal_power", "facility_name": "Latehar power station", "country": "India", "status": "cancelled", "capacity": 1000.0, "coordinate_accuracy": "approximate"}}, {"type": "Feature", "geometry": {"type": "Point", "coordinates": [86.061294, 22.836504]}, "properties": {"facility_id": "L100000102275", "facility_type": "coal_power", "facility_name": "Mahadev Prasad Super Thermal Power Plant", "country": "India", "status": "operating", "capacity": 1080.0, "coordinate_accuracy": "exact"}}, {"type": "Feature", "geometry": {"type": "Point", "coordinates": [86.76, 23.8209]}, "properties": {"facility_id": "L100000102276", "facility_type": "coal_power", "facility_name": "Maithon Right Bank Thermal Power Station", "country": "India", "status": "operating", "capacity": 2370.0, "coordinate_accuracy": "exact"}}, {"type": "Feature", "geometry": {"type": "Point", "coordinates": [86.429787, 22.640313]}, "properties": {"facility_id": "L100000102277", "facility_type": "coal_power", "facility_name": "Malaxmi Mega Thermal Power Project (Thakurbari)", "country": "India", "status": "cancelled", "capacity": 2640.0, "coordinate_accuracy": "approximate"}}, {"type": "Feature", "geometry": {"type": "Point", "coordinates": [85.012411, 23.850772]}, "properties": {"facility_id": "L100000102278", "facility_type": "coal_power", "facility_name": "North Karanpura power station", "country": "India", "status": "operating", "capacity": 1980.0, "coordinate_accuracy": "exact"}}, {"type": "Feature", "geometry": {"type": "Point", "coordinates": [83.885832, 24.22902]}, "properties": {"facility_id": "L100000102279", "facility_type": "coal_power", "facility_name": "Palamau Plant power station", "country": "India", "status": "operating", "capacity": 60.0, "coordinate_accuracy": "exact"}}, {"type": "Feature", "geometry": {"type": "Point", "coordinates": [85.273611, 23.625]}, "properties": {"facility_id": "L100000102280", "facility_type": "coal_power", "facility_name": "Patratu Energy power station", "country": "India", "status": "cancelled", "capacity": 1320.0, "coordinate_accuracy": "exact"}}, {"type": "Feature", "geometry": {"type": "Point", "coordinates": [85.2931, 23.64]}, "properties": {"facility_id": "L100000102281", "facility_type": "coal_power", "facility_name": "Patratu JSEB power station", "country": "India", "status": "operating", "capacity": 4840.0, "coordinate_accuracy": "exact"}}, {"type": "Feature", "geometry": {"type": "Point", "coordinates": [85.303314, 23.634931]}, "properties": {"facility_id": "L100000102282", "facility_type": "coal_power", "facility_name": "Patratu power station (Jinbhuvish Energy)", "country": "India", "status": "cancelled", "capacity": 1320.0, "coordinate_accuracy": "approximate"}}, {"type": "Feature", "geometry": {"type": "Point", "coordinates": [85.031141, 23.852941]}, "properties": {"facility_id": "L100000102283", "facility_type": "coal_power", "facility_name": "Rahem power station", "country": "India", "status": "cancelled", "capacity": 1000.0, "coordinate_accuracy": "approximate"}}, {"type": "Feature", "geometry": {"type": "Point", "coordinates": [87.774208, 24.858152]}, "properties": {"facility_id": "L100000102284", "facility_type": "coal_power", "facility_name": "Sahibganj power station", "country": "India", "status": "cancelled", "capacity": 1320.0, "coordinate_accuracy": "approximate"}}, {"type": "Feature", "geometry": {"type": "Point", "coordinates": [85.94376, 23.018671]}, "properties": {"facility_id": "L100000102285", "facility_type": "coal_power", "facility_name": "Seraikela power station", "country": "India", "status": "cancelled", "capacity": 210.0, "coordinate_accuracy": "approximate"}}, {"type": "Feature", "geometry": {"type": "Point", "coordinates": [86.72, 23.78]}, "properties": {"facility_id": "L100000102286", "facility_type": "coal_power", "facility_name": "Tasra Coking power station", "country": "India", "status": "cancelled", "capacity": 300.0, "coordinate_accuracy": "approximate"}}, {"type": "Feature", "geometry": {"type": "Point", "coordinates": [85.7652325, 23.7276632]}, "properties": {"facility_id": "L100000102287", "facility_type": "coal_power", "facility_name": "Tenughat power station", "country": "India", "status": "operating", "capacity": 1740.0, "coordinate_accuracy": "exact"}}, {"type": "Feature", "geometry": {"type": "Point", "coordinates": [85.6, 24.316667]}, "properties": {"facility_id": "L100000102288", "facility_type": "coal_power", "facility_name": "Tilaiya Ultra Mega Power Project", "country": "India", "status": "cancelled", "capacity": 3960.0, "coordinate_accuracy": "exact"}}, {"type": "Feature", "geometry": {"type": "Point", "coordinates": [85.957778, 23.141111]}, "properties": {"facility_id": "L100000102289", "facility_type": "coal_power", "facility_name": "Tiruldih Power Project", "country": "India", "status": "cancelled", "capacity": 1980.0, "coordinate_accuracy": "exact"}}, {"type": "Feature", "geometry": {"type": "Point", "coordinates": [84.7738552, 23.7073307]}, "properties": {"facility_id": "L100000102290", "facility_type": "coal_power", "facility_name": "Tori power plant", "country": "India", "status": "cancelled", "capacity": 1800.0, "coordinate_accuracy": "exact"}}, {"type": "Feature", "geometry": {"type": "Point", "coordinates": [85.872574, 22.74199]}, "properties": {"facility_id": "L100000102291", "facility_type": "coal_power", "facility_name": "Visa Power Jharkhand project", "country": "India", "status": "cancelled", "capacity": 2640.0, "coordinate_accuracy": "approximate"}}, {"type": "Feature", "geometry": {"type": "Point", "coordinates": [86.3134, 23.453168]}, "properties": {"facility_id": "L100000102292", "facility_type": "coal_power", "facility_name": "Welspun Energy Parbahal Thermal Power Plant", "country": "India", "status": "cancelled", "capacity": 1980.0, "coordinate_accuracy": "approximate"}}, {"type": "Feature", "geometry": {"type": "Point", "coordinates": [76.7195034, 15.1931738]}, "properties": {"facility_id": "L100000102293", "facility_type": "coal_power", "facility_name": "Bellary Thermal Power Station", "country": "India", "status": "operating", "capacity": 1700.0, "coordinate_accuracy": "exact"}}, {"type": "Feature", "geometry": {"type": "Point", "coordinates": [76.45, 12.19]}, "properties": {"facility_id": "L100000102294", "facility_type": "coal_power", "facility_name": "Chamalapura power station", "country": "India", "status": "cancelled", "capacity": 1000.0, "coordinate_accuracy": "approximate"}}, {"type": "Feature", "geometry": {"type": "Point", "coordinates": [76.379077, 15.170332]}, "properties": {"facility_id": "L100000102295", "facility_type": "coal_power", "facility_name": "Danapuram BMM power station", "country": "India", "status": "operating", "capacity": 235.0, "coordinate_accuracy": "exact"}}, {"type": "Feature", "geometry": {"type": "Point", "coordinates": [77.34265, 16.353719]}, "properties": {"facility_id": "L100000102296", "facility_type": "coal_power", "facility_name": "Edlapura power station", "country": "India", "status": "cancelled", "capacity": 800.0, "coordinate_accuracy": "exact"}}, {"type": "Feature", "geometry": {"type": "Point", "coordinates": [74.6, 16.23]}, "properties": {"facility_id": "L100000102297", "facility_type": "coal_power", "facility_name": "Ghataprabha power station", "country": "India", "status": "cancelled", "capacity": 1320.0, "coordinate_accuracy": "approximate"}}, {"type": "Feature", "geometry": {"type": "Point", "coordinates": [77.72, 13.43]}, "properties": {"facility_id": "L100000102298", "facility_type": "coal_power", "facility_name": "Gowdasandra power station", "country": "India", "status": "cancelled", "capacity": 160.0, "coordinate_accuracy": "approximate"}}, {"type": "Feature", "geometry": {"type": "Point", "coordinates": [76.79, 17.0854]}, "properties": {"facility_id": "L100000102299", "facility_type": "coal_power", "facility_name": "Gulbarga power station", "country": "India", "status": "cancelled", "capacity": 1320.0, "coordinate_accuracy": "approximate"}}, {"type": "Feature", "geometry": {"type": "Point", "coordinates": [74.174538, 14.917915]}, "properties": {"facility_id": "L100000102300", "facility_type": "coal_power", "facility_name": "Hanakon Thermal Power Project", "country": "India", "status": "cancelled", "capacity": 450.0, "coordinate_accuracy": "approximate"}}, {"type": "Feature", "geometry": {"type": "Point", "coordinates": [76.133, 12.9833]}, "properties": {"facility_id": "L100000102301", "facility_type": "coal_power", "facility_name": "Hassan power station", "country": "India", "status": "cancelled", "capacity": 1000.0, "coordinate_accuracy": "exact"}}, {"type": "Feature", "geometry": {"type": "Point", "coordinates": [76.7752, 17.012141]}, "properties": {"facility_id": "L100000102302", "facility_type": "coal_power", "facility_name": "Jewargi power station", "country": "India", "status": "cancelled", "capacity": 1320.0, "coordinate_accuracy": "approximate"}}, {"type": "Feature", "geometry": {"type": "Point", "coordinates": [76.6621387, 15.186771]}, "properties": {"facility_id": "L100000102303", "facility_type": "coal_power", "facility_name": "JSW Vijayanagar Toranagallu power station", "country": "India", "status": "operating", "capacity": 1520.0, "coordinate_accuracy": "exact"}}, {"type": "Feature", "geometry": {"type": "Point", "coordinates": [77.328408, 16.51853]}, "properties": {"facility_id": "L100000102304", "facility_type": "coal_power", "facility_name": "Kadechur power station", "country": "India", "status": "cancelled", "capacity": 1320.0, "coordinate_accuracy": "approximate"}}, {"type": "Feature", "geometry": {"type": "Point", "coordinates": [75.66, 14.75]}, "properties": {"facility_id": "L100000102305", "facility_type": "coal_power", "facility_name": "Karnataka Gupta power station", "country": "India", "status": "cancelled", "capacity": 1320.0, "coordinate_accuracy": "approximate"}}, {"type": "Feature", "geometry": {"type": "Point", "coordinates": [75.834632, 16.499546]}, "properties": {"facility_id": "L100000102306", "facility_type": "coal_power", "facility_name": "Kudgi Super Thermal Power Project", "country": "India", "status": "operating", "capacity": 4000.0, "coordinate_accuracy": "exact"}}, {"type": "Feature", "geometry": {"type": "Point", "coordinates": [75.729033, 16.554453]}, "properties": {"facility_id": "L100000102307", "facility_type": "coal_power", "facility_name": "Mulwad (Bijapur Luxor) power station", "country": "India", "status": "cancelled", "capacity": 1320.0, "coordinate_accuracy": "exact"}}, {"type": "Feature", "geometry": {"type": "Point", "coordinates": [74.903208, 13.042756]}, "properties": {"facility_id": "L100000102308", "facility_type": "coal_power", "facility_name": "Niddodi Ultra Mega Power Project", "country": "India", "status": "cancelled", "capacity": 4000.0, "coordinate_accuracy": "approximate"}}, {"type": "Feature", "geometry": {"type": "Point", "coordinates": [77.3422, 16.3532]}, "properties": {"facility_id": "L100000102309", "facility_type": "coal_power", "facility_name": "Raichur Thermal Power Station", "country": "India", "status": "operating", "capacity": 2720.0, "coordinate_accuracy": "exact"}}, {"type": "Feature", "geometry": {"type": "Point", "coordinates": [74.7451, 13.3389]}, "properties": {"facility_id": "L100000102310", "facility_type": "coal_power", "facility_name": "Udupi Cement Plant", "country": "India", "status": "cancelled", "capacity": 100.0, "coordinate_accuracy": "approximate"}}, {"type": "Feature", "geometry": {"type": "Point", "coordinates": [74.8002, 13.1596]}, "properties": {"facility_id": "L100000102311", "facility_type": "coal_power", "facility_name": "Udupi power station", "country": "India", "status": "operating", "capacity": 2800.0, "coordinate_accuracy": "exact"}}, {"type": "Feature", "geometry": {"type": "Point", "coordinates": [77.3615384, 16.3015842]}, "properties": {"facility_id": "L100000102312", "facility_type": "coal_power", "facility_name": "Vadlur power station", "country": "India", "status": "operating", "capacity": 455.0, "coordinate_accuracy": "exact"}}, {"type": "Feature", "geometry": {"type": "Point", "coordinates": [74.6, 16.23]}, "properties": {"facility_id": "L100000102313", "facility_type": "coal_power", "facility_name": "Vantamuri power station", "country": "India", "status": "cancelled", "capacity": 1050.0, "coordinate_accuracy": "approximate"}}, {"type": "Feature", "geometry": {"type": "Point", "coordinates": [76.465, 15.325]}, "properties": {"facility_id": "L100000102314", "facility_type": "coal_power", "facility_name": "Vijaynagar (KPCL) power station", "country": "India", "status": "cancelled", "capacity": 1000.0, "coordinate_accuracy": "approximate"}}, {"type": "Feature", "geometry": {"type": "Point", "coordinates": [77.35612, 16.295261]}, "properties": {"facility_id": "L100000102315", "facility_type": "coal_power", "facility_name": "Yermarus power station", "country": "India", "status": "operating", "capacity": 1600.0, "coordinate_accuracy": "exact"}}, {"type": "Feature", "geometry": {"type": "Point", "coordinates": [75.233321, 12.242538]}, "properties": {"facility_id": "L100000102316", "facility_type": "coal_power", "facility_name": "Kasargod power station", "country": "India", "status": "cancelled", "capacity": 1320.0, "coordinate_accuracy": "approximate"}}, {"type": "Feature", "geometry": {"type": "Point", "coordinates": [81.832352, 23.152987]}, "properties": {"facility_id": "L100000102317", "facility_type": "coal_power", "facility_name": "Anuppur power station (Newzone)", "country": "India", "status": "cancelled", "capacity": 1320.0, "coordinate_accuracy": "approximate"}}, {"type": "Feature", "geometry": {"type": "Point", "coordinates": [81.784286, 23.073731]}, "properties": {"facility_id": "L100000102318", "facility_type": "coal_power", "facility_name": "Anuppur Thermal Power Project (MB Power)", "country": "India", "status": "operating", "capacity": 4180.0, "coordinate_accuracy": "exact"}}, {"type": "Feature", "geometry": {"type": "Point", "coordinates": [81.698098, 23.102944]}, "properties": {"facility_id": "L100000102319", "facility_type": "coal_power", "facility_name": "Banas Thermal Power project (Anuppur)", "country": "India", "status": "cancelled", "capacity": 1320.0, "coordinate_accuracy": "approximate"}}, {"type": "Feature", "geometry": {"type": "Point", "coordinates": [81.374295, 24.023398]}, "properties": {"facility_id": "L100000102320", "facility_type": "coal_power", "facility_name": "Bansagar power station", "country": "India", "status": "cancelled", "capacity": 1600.0, "coordinate_accuracy": "approximate"}}, {"type": "Feature", "geometry": {"type": "Point", "coordinates": [79.9, 24.783333]}, "properties": {"facility_id": "L100000102321", "facility_type": "coal_power", "facility_name": "Barethi Super Thermal Power Project", "country": "India", "status": "cancelled", "capacity": 2640.0, "coordinate_accuracy": "exact"}}, {"type": "Feature", "geometry": {"type": "Point", "coordinates": [78.7987451, 25.3694957]}, "properties": {"facility_id": "L100000102323", "facility_type": "coal_power", "facility_name": "Bijor power station", "country": "India", "status": "cancelled", "capacity": 1980.0, "coordinate_accuracy": "approximate"}}, {"type": "Feature", "geometry": {"type": "Point", "coordinates": [78.133564, 24.317222]}, "properties": {"facility_id": "L100000102324", "facility_type": "coal_power", "facility_name": "Bina Thermal Power Project", "country": "India", "status": "operating", "capacity": 1200.0, "coordinate_accuracy": "exact"}}, {"type": "Feature", "geometry": {"type": "Point", "coordinates": [81.29, 24.53]}, "properties": {"facility_id": "L100000102325", "facility_type": "coal_power", "facility_name": "Chadhana power station", "country": "India", "status": "cancelled", "capacity": 660.0, "coordinate_accuracy": "approximate"}}, {"type": "Feature", "geometry": {"type": "Point", "coordinates": [78.938627, 22.059551]}, "properties": {"facility_id": "L100000102326", "facility_type": "coal_power", "facility_name": "Chhindwara JSW power station", "country": "India", "status": "cancelled", "capacity": 1320.0, "coordinate_accuracy": "approximate"}}, {"type": "Feature", "geometry": {"type": "Point", "coordinates": [82.6469, 24.364797]}, "properties": {"facility_id": "L100000102327", "facility_type": "coal_power", "facility_name": "Chitrangi Power Project", "country": "India", "status": "cancelled", "capacity": 3960.0, "coordinate_accuracy": "exact"}}, {"type": "Feature", "geometry": {"type": "Point", "coordinates": [81.303889, 25.115556]}, "properties": {"facility_id": "L100000102328", "facility_type": "coal_power", "facility_name": "Dabaura power station", "country": "India", "status": "cancelled", "capacity": 3960.0, "coordinate_accuracy": "approximate"}}, {"type": "Feature", "geometry": {"type": "Point", "coordinates": [76.346383, 21.825011]}, "properties": {"facility_id": "L100000102329", "facility_type": "coal_power", "facility_name": "Dada Dhuniwale Thermal Power Project", "country": "India", "status": "cancelled", "capacity": 1600.0, "coordinate_accuracy": "approximate"}}, {"type": "Feature", "geometry": {"type": "Point", "coordinates": [76.34, 21.83]}, "properties": {"facility_id": "L100000102330", "facility_type": "coal_power", "facility_name": "Devaldi power station", "country": "India", "status": "cancelled", "capacity": 1000.0, "coordinate_accuracy": "approximate"}}, {"type": "Feature", "geometry": {"type": "Point", "coordinates": [78.732893, 22.958166]}, "properties": {"facility_id": "L100000102331", "facility_type": "coal_power", "facility_name": "Gadarwara power station (BLA)", "country": "India", "status": "operating", "capacity": 180.0, "coordinate_accuracy": "exact"}}, {"type": "Feature", "geometry": {"type": "Point", "coordinates": [78.866129, 22.861752]}, "properties": {"facility_id": "L100000102332", "facility_type": "coal_power", "facility_name": "Gadarwara Super Thermal Power Project", "country": "India", "status": "operating", "capacity": 3200.0, "coordinate_accuracy": "exact"}}, {"type": "Feature", "geometry": {"type": "Point", "coordinates": [80.840683, 23.525881]}, "properties": {"facility_id": "L100000102333", "facility_type": "coal_power", "facility_name": "Garadiatola power station", "country": "India", "status": "cancelled", "capacity": 1320.0, "coordinate_accuracy": "approximate"}}, {"type": "Feature", "geometry": {"type": "Point", "coordinates": [81.490368, 24.963897]}, "properties": {"facility_id": "L100000102334", "facility_type": "coal_power", "facility_name": "Ghuman power station (Prosperous Energy)", "country": "India", "status": "cancelled", "capacity": 1200.0, "coordinate_accuracy": "approximate"}}, {"type": "Feature", "geometry": {"type": "Point", "coordinates": [81.490368, 24.963897]}, "properties": {"facility_id": "L100000102335", "facility_type": "coal_power", "facility_name": "Ghuman/Tilaun power station (Reliable Thermal)", "country": "India", "status": "cancelled", "capacity": 1320.0, "coordinate_accuracy": "approximate"}}, {"type": "Feature", "geometry": {"type": "Point", "coordinates": [81.933333, 24.116667]}, "properties": {"facility_id": "L100000102336", "facility_type": "coal_power", "facility_name": "Gorgi power station", "country": "India", "status": "cancelled", "capacity": 1320.0, "coordinate_accuracy": "exact"}}, {"type": "Feature", "geometry": {"type": "Point", "coordinates": [81.490368, 24.963897]}, "properties": {"facility_id": "L100000102337", "facility_type": "coal_power", "facility_name": "Jawa power station", "country": "India", "status": "cancelled", "capacity": 1320.0, "coordinate_accuracy": "approximate"}}, {"type": "Feature", "geometry": {"type": "Point", "coordinates": [81.904525, 24.14997]}, "properties": {"facility_id": "L100000102338", "facility_type": "coal_power", "facility_name": "Jaypee Nigrie Super Thermal Power Project", "country": "India", "status": "operating", "capacity": 1320.0, "coordinate_accuracy": "exact"}}, {"type": "Feature", "geometry": {"type": "Point", "coordinates": [74.592483, 22.769455]}, "properties": {"facility_id": "L100000102339", "facility_type": "coal_power", "facility_name": "Jhabua (Chetak) power station", "country": "India", "status": "cancelled", "capacity": 1320.0, "coordinate_accuracy": "approximate"}}, {"type": "Feature", "geometry": {"type": "Point", "coordinates": [79.912341, 22.735479]}, "properties": {"facility_id": "L100000102340", "facility_type": "coal_power", "facility_name": "NTPC Seoni power station", "country": "India", "status": "operating", "capacity": 1400.0, "coordinate_accuracy": "exact"}}, {"type": "Feature", "geometry": {"type": "Point", "coordinates": [80.395517, 23.834659]}, "properties": {"facility_id": "L100000102342", "facility_type": "coal_power", "facility_name": "Katni power station", "country": "India", "status": "cancelled", "capacity": 3200.0, "coordinate_accuracy": "approximate"}}, {"type": "Feature", "geometry": {"type": "Point", "coordinates": [76.766667, 22.008889]}, "properties": {"facility_id": "L100000102343", "facility_type": "coal_power", "facility_name": "Khandwa power station (Dwarkesh Energy)", "country": "India", "status": "cancelled", "capacity": 1320.0, "coordinate_accuracy": "exact"}}, {"type": "Feature", "geometry": {"type": "Point", "coordinates": [76.18417, 21.999656]}, "properties": {"facility_id": "L100000102344", "facility_type": "coal_power", "facility_name": "Khandwa power station (Era Infra)", "country": "India", "status": "cancelled", "capacity": 1320.0, "coordinate_accuracy": "approximate"}}, {"type": "Feature", "geometry": {"type": "Point", "coordinates": [75.851943, 22.065169]}, "properties": {"facility_id": "L100000102345", "facility_type": "coal_power", "facility_name": "Khargone power station", "country": "India", "status": "operating", "capacity": 1320.0, "coordinate_accuracy": "exact"}}, {"type": "Feature", "geometry": {"type": "Point", "coordinates": [81.588249, 23.282508]}, "properties": {"facility_id": "L100000102346", "facility_type": "coal_power", "facility_name": "Madhya Pradesh Jain Energy power station", "country": "India", "status": "cancelled", "capacity": 1320.0, "coordinate_accuracy": "approximate"}}, {"type": "Feature", "geometry": {"type": "Point", "coordinates": [82.437197, 24.220902]}, "properties": {"facility_id": "L100000102347", "facility_type": "coal_power", "facility_name": "Mahan Aluminium power station", "country": "India", "status": "operating", "capacity": 900.0, "coordinate_accuracy": "exact"}}, {"type": "Feature", "geometry": {"type": "Point", "coordinates": [82.41703, 24.008674]}, "properties": {"facility_id": "L100000102348", "facility_type": "coal_power", "facility_name": "Mahan Super Thermal Power Project", "country": "India", "status": "operating", "capacity": 5000.0, "coordinate_accuracy": "exact"}}, {"type": "Feature", "geometry": {"type": "Point", "coordinates": [79.803314, 25.093683]}, "properties": {"facility_id": "L100000102349", "facility_type": "coal_power", "facility_name": "Maharjapur power station", "country": "India", "status": "cancelled", "capacity": 1320.0, "coordinate_accuracy": "approximate"}}, {"type": "Feature", "geometry": {"type": "Point", "coordinates": [75.068178, 24.075305]}, "properties": {"facility_id": "L100000102351", "facility_type": "coal_power", "facility_name": "Mandsaur power station", "country": "India", "status": "cancelled", "capacity": 1320.0, "coordinate_accuracy": "approximate"}}, {"type": "Feature", "geometry": {"type": "Point", "coordinates": [80.12, 22.43]}, "properties": {"facility_id": "L100000102352", "facility_type": "coal_power", "facility_name": "Mohgaon power station", "country": "India", "status": "cancelled", "capacity": 1000.0, "coordinate_accuracy": "approximate"}}, {"type": "Feature", "geometry": {"type": "Point", "coordinates": [81.632816, 23.162146]}, "properties": {"facility_id": "L100000102353", "facility_type": "coal_power", "facility_name": "MP Amarkantak power station", "country": "India", "status": "operating", "capacity": 1140.0, "coordinate_accuracy": "exact"}}, {"type": "Feature", "geometry": {"type": "Point", "coordinates": [81.889353, 23.133347]}, "properties": {"facility_id": "L100000102356", "facility_type": "coal_power", "facility_name": "Parasi power station", "country": "India", "status": "cancelled", "capacity": 1320.0, "coordinate_accuracy": "approximate"}}, {"type": "Feature", "geometry": {"type": "Point", "coordinates": [79.134455, 22.147958]}, "properties": {"facility_id": "L100000102357", "facility_type": "coal_power", "facility_name": "Pench Thermal Power Project", "country": "India", "status": "cancelled", "capacity": 1320.0, "coordinate_accuracy": "exact"}}, {"type": "Feature", "geometry": {"type": "Point", "coordinates": [76.33, 21.83]}, "properties": {"facility_id": "L100000102358", "facility_type": "coal_power", "facility_name": "Rewa power station", "country": "India", "status": "cancelled", "capacity": 1320.0, "coordinate_accuracy": "approximate"}}, {"type": "Feature", "geometry": {"type": "Point", "coordinates": [81.064817, 23.305744]}, "properties": {"facility_id": "L100000102359", "facility_type": "coal_power", "facility_name": "Sanjay Gandhi power station", "country": "India", "status": "operating", "capacity": 1340.0, "coordinate_accuracy": "exact"}}, {"type": "Feature", "geometry": {"type": "Point", "coordinates": [82.6264733, 23.9775233]}, "properties": {"facility_id": "L100000102360", "facility_type": "coal_power", "facility_name": "Sasan Ultra Mega Power Project", "country": "India", "status": "operating", "capacity": 5940.0, "coordinate_accuracy": "exact"}}, {"type": "Feature", "geometry": {"type": "Point", "coordinates": [78.177072, 22.108133]}, "properties": {"facility_id": "L100000102361", "facility_type": "coal_power", "facility_name": "Satpura Thermal Power Station", "country": "India", "status": "operating", "capacity": 2302.5, "coordinate_accuracy": "exact"}}, {"type": "Feature", "geometry": {"type": "Point", "coordinates": [79.55, 22.09]}, "properties": {"facility_id": "L100000102362", "facility_type": "coal_power", "facility_name": "Seoni power station", "country": "India", "status": "cancelled", "capacity": 1320.0, "coordinate_accuracy": "approximate"}}, {"type": "Feature", "geometry": {"type": "Point", "coordinates": [81.483611, 23.275]}, "properties": {"facility_id": "L100000102363", "facility_type": "coal_power", "facility_name": "Shahdol power station", "country": "India", "status": "cancelled", "capacity": 1320.0, "coordinate_accuracy": "exact"}}, {"type": "Feature", "geometry": {"type": "Point", "coordinates": [81.35, 23.3]}, "properties": {"facility_id": "L100000102364", "facility_type": "coal_power", "facility_name": "Shahdol power station (Pagaria)", "country": "India", "status": "cancelled", "capacity": 540.0, "coordinate_accuracy": "approximate"}}, {"type": "Feature", "geometry": {"type": "Point", "coordinates": [79.667655, 23.138821]}, "properties": {"facility_id": "L100000102365", "facility_type": "coal_power", "facility_name": "Shahpura power station", "country": "India", "status": "cancelled", "capacity": 1500.0, "coordinate_accuracy": "approximate"}}, {"type": "Feature", "geometry": {"type": "Point", "coordinates": [76.531727, 22.09914]}, "properties": {"facility_id": "L100000102366", "facility_type": "coal_power", "facility_name": "Shree Singaji Thermal Power Project", "country": "India", "status": "operating", "capacity": 2520.0, "coordinate_accuracy": "exact"}}, {"type": "Feature", "geometry": {"type": "Point", "coordinates": [81.332817, 24.326294]}, "properties": {"facility_id": "L100000102367", "facility_type": "coal_power", "facility_name": "Sidhi Cement Plant power station", "country": "India", "status": "operating", "capacity": 155.0, "coordinate_accuracy": "exact"}}, {"type": "Feature", "geometry": {"type": "Point", "coordinates": [81.866667, 24.133333]}, "properties": {"facility_id": "L100000102368", "facility_type": "coal_power", "facility_name": "Sidhi Power Project", "country": "India", "status": "cancelled", "capacity": 1200.0, "coordinate_accuracy": "exact"}}, {"type": "Feature", "geometry": {"type": "Point", "coordinates": [81.8833, 24.4167]}, "properties": {"facility_id": "L100000102369", "facility_type": "coal_power", "facility_name": "Suryachakra Thermal (Madhya Pradesh)", "country": "India", "status": "cancelled", "capacity": 1320.0, "coordinate_accuracy": "approximate"}}, {"type": "Feature", "geometry": {"type": "Point", "coordinates": [82.6719, 24.0983]}, "properties": {"facility_id": "L100000102371", "facility_type": "coal_power", "facility_name": "Vindhyachal power station", "country": "India", "status": "operating", "capacity": 4760.0, "coordinate_accuracy": "exact"}}, {"type": "Feature", "geometry": {"type": "Point", "coordinates": [78.129158, 21.9233]}, "properties": {"facility_id": "L100000102372", "facility_type": "coal_power", "facility_name": "Welspun Amla power station", "country": "India", "status": "cancelled", "capacity": 1320.0, "coordinate_accuracy": "approximate"}}, {"type": "Feature", "geometry": {"type": "Point", "coordinates": [81.979321, 23.206979]}, "properties": {"facility_id": "L100000102373", "facility_type": "coal_power", "facility_name": "Adani Anuppur Thermal Power Plant", "country": "India", "status": "construction", "capacity": 3200.0, "coordinate_accuracy": "approximate"}}, {"type": "Feature", "geometry": {"type": "Point", "coordinates": [81.496468, 24.505894]}, "properties": {"facility_id": "L100000102374", "facility_type": "coal_power", "facility_name": "Welspun Mega Industrial & Energy Park", "country": "India", "status": "cancelled", "capacity": 5280.0, "coordinate_accuracy": "approximate"}}, {"type": "Feature", "geometry": {"type": "Point", "coordinates": [77.901242, 21.080316]}, "properties": {"facility_id": "L100000102375", "facility_type": "coal_power", "facility_name": "Amravati Thermal Power Project", "country": "India", "status": "operating", "capacity": 4020.0, "coordinate_accuracy": "exact"}}, {"type": "Feature", "geometry": {"type": "Point", "coordinates": [79.273739, 20.863784]}, "properties": {"facility_id": "L100000102376", "facility_type": "coal_power", "facility_name": "ASTARC power station", "country": "India", "status": "cancelled", "capacity": 1320.0, "coordinate_accuracy": "approximate"}}, {"type": "Feature", "geometry": {"type": "Point", "coordinates": [79.339438, 19.860468]}, "properties": {"facility_id": "L100000102377", "facility_type": "coal_power", "facility_name": "Ballarpur Bilt Power power station", "country": "India", "status": "operating", "capacity": 40.0, "coordinate_accuracy": "exact"}}, {"type": "Feature", "geometry": {"type": "Point", "coordinates": [79.051944, 20.806389]}, "properties": {"facility_id": "L100000102378", "facility_type": "coal_power", "facility_name": "Bela power station (Mantri Power)", "country": "India", "status": "cancelled", "capacity": 540.0, "coordinate_accuracy": "approximate"}}, {"type": "Feature", "geometry": {"type": "Point", "coordinates": [79.054892, 20.80915]}, "properties": {"facility_id": "L100000102379", "facility_type": "coal_power", "facility_name": "Bela power station", "country": "India", "status": "operating", "capacity": 890.0, "coordinate_accuracy": "exact"}}, {"type": "Feature", "geometry": {"type": "Point", "coordinates": [79.121003, 20.110047]}, "properties": {"facility_id": "L100000102380", "facility_type": "coal_power", "facility_name": "Bhadravati power station (Ispat)", "country": "India", "status": "cancelled", "capacity": 2000.0, "coordinate_accuracy": "approximate"}}, {"type": "Feature", "geometry": {"type": "Point", "coordinates": [79.121003, 20.110047]}, "properties": {"facility_id": "L100000102381", "facility_type": "coal_power", "facility_name": "Bhadravati power station (MIDC)", "country": "India", "status": "cancelled", "capacity": 1320.0, "coordinate_accuracy": "approximate"}}, {"type": "Feature", "geometry": {"type": "Point", "coordinates": [79.688234, 21.271844]}, "properties": {"facility_id": "L100000102382", "facility_type": "coal_power", "facility_name": "Bhandara power station", "country": "India", "status": "cancelled", "capacity": 2640.0, "coordinate_accuracy": "approximate"}}, {"type": "Feature", "geometry": {"type": "Point", "coordinates": [79.195774, 20.009935]}, "properties": {"facility_id": "L100000102383", "facility_type": "coal_power", "facility_name": "Bhandewadi power station", "country": "India", "status": "cancelled", "capacity": 500.0, "coordinate_accuracy": "approximate"}}, {"type": "Feature", "geometry": {"type": "Point", "coordinates": [74.752554, 18.242234]}, "properties": {"facility_id": "L100000102384", "facility_type": "coal_power", "facility_name": "Bhigwan Mill power station", "country": "India", "status": "operating", "capacity": 60.0, "coordinate_accuracy": "exact"}}, {"type": "Feature", "geometry": {"type": "Point", "coordinates": [75.85502, 21.04798]}, "properties": {"facility_id": "L100000102385", "facility_type": "coal_power", "facility_name": "Bhusawal Thermal Power Station", "country": "India", "status": "operating", "capacity": 2135.0, "coordinate_accuracy": "exact"}}, {"type": "Feature", "geometry": {"type": "Point", "coordinates": [77.737584, 19.707122]}, "properties": {"facility_id": "L100000102386", "facility_type": "coal_power", "facility_name": "Bijora power station", "country": "India", "status": "cancelled", "capacity": 1260.0, "coordinate_accuracy": "approximate"}}, {"type": "Feature", "geometry": {"type": "Point", "coordinates": [78.933281, 20.928591]}, "properties": {"facility_id": "L100000102387", "facility_type": "coal_power", "facility_name": "Butibori Power Project", "country": "India", "status": "operating", "capacity": 900.0, "coordinate_accuracy": "exact"}}, {"type": "Feature", "geometry": {"type": "Point", "coordinates": [79.29, 20.0063]}, "properties": {"facility_id": "L100000102388", "facility_type": "coal_power", "facility_name": "Chandrapur Thermal Power Station", "country": "India", "status": "operating", "capacity": 3340.0, "coordinate_accuracy": "exact"}}, {"type": "Feature", "geometry": {"type": "Point", "coordinates": [78.8828903, 20.3693717]}, "properties": {"facility_id": "L100000102389", "facility_type": "coal_power", "facility_name": "Chandrapur Works power station", "country": "India", "status": "operating", "capacity": 40.0, "coordinate_accuracy": "exact"}}, {"type": "Feature", "geometry": {"type": "Point", "coordinates": [72.9583, 18.75]}, "properties": {"facility_id": "L100000102390", "facility_type": "coal_power", "facility_name": "Coastal Maharashtra Project", "country": "India", "status": "cancelled", "capacity": 2400.0, "coordinate_accuracy": "exact"}}, {"type": "Feature", "geometry": {"type": "Point", "coordinates": [72.7478, 19.9545]}, "properties": {"facility_id": "L100000102391", "facility_type": "coal_power", "facility_name": "Dahanu power station", "country": "India", "status": "operating", "capacity": 1700.0, "coordinate_accuracy": "exact"}}, {"type": "Feature", "geometry": {"type": "Point", "coordinates": [73.3778, 16.3735]}, "properties": {"facility_id": "L100000102392", "facility_type": "coal_power", "facility_name": "Devgad UMPP", "country": "India", "status": "cancelled", "capacity": 4000.0, "coordinate_accuracy": "approximate"}}, {"type": "Feature", "geometry": {"type": "Point", "coordinates": [73.70004, 15.766642]}, "properties": {"facility_id": "L100000102393", "facility_type": "coal_power", "facility_name": "Dhakore power station", "country": "India", "status": "cancelled", "capacity": 1050.0, "coordinate_accuracy": "approximate"}}, {"type": "Feature", "geometry": {"type": "Point", "coordinates": [79.203433, 20.010588]}, "properties": {"facility_id": "L100000102394", "facility_type": "coal_power", "facility_name": "Dhariwal power station", "country": "India", "status": "operating", "capacity": 600.0, "coordinate_accuracy": "exact"}}, {"type": "Feature", "geometry": {"type": "Point", "coordinates": [73.192694, 17.55829]}, "properties": {"facility_id": "L100000102395", "facility_type": "coal_power", "facility_name": "Dhopave coal plant (NTPC)", "country": "India", "status": "cancelled", "capacity": 1600.0, "coordinate_accuracy": "approximate"}}, {"type": "Feature", "geometry": {"type": "Point", "coordinates": [73.192694, 17.55829]}, "properties": {"facility_id": "L100000102396", "facility_type": "coal_power", "facility_name": "Dhopave Thermal Power Station (Mahagenco)", "country": "India", "status": "cancelled", "capacity": 2780.0, "coordinate_accuracy": "approximate"}}, {"type": "Feature", "geometry": {"type": "Point", "coordinates": [72.92038, 18.530398]}, "properties": {"facility_id": "L100000102397", "facility_type": "coal_power", "facility_name": "Dolvi captive power station", "country": "India", "status": "cancelled", "capacity": 660.0, "coordinate_accuracy": "approximate"}}, {"type": "Feature", "geometry": {"type": "Point", "coordinates": [74.606944, 21.274722]}, "properties": {"facility_id": "L100000102398", "facility_type": "coal_power", "facility_name": "Dondaicha Thermal Power Station", "country": "India", "status": "cancelled", "capacity": 3300.0, "coordinate_accuracy": "approximate"}}, {"type": "Feature", "geometry": {"type": "Point", "coordinates": [80.191389, 21.461389]}, "properties": {"facility_id": "L100000102399", "facility_type": "coal_power", "facility_name": "Ellora Paper Mills Gondia power station", "country": "India", "status": "cancelled", "capacity": 2640.0, "coordinate_accuracy": "approximate"}}, {"type": "Feature", "geometry": {"type": "Point", "coordinates": [78.975351, 20.279656]}, "properties": {"facility_id": "L100000102400", "facility_type": "coal_power", "facility_name": "GMR Warora Energy power station", "country": "India", "status": "operating", "capacity": 1260.0, "coordinate_accuracy": "exact"}}, {"type": "Feature", "geometry": {"type": "Point", "coordinates": [80.005278, 20.186111]}, "properties": {"facility_id": "L100000102401", "facility_type": "coal_power", "facility_name": "Gadchiroli power station", "country": "India", "status": "cancelled", "capacity": 1980.0, "coordinate_accuracy": "approximate"}}, {"type": "Feature", "geometry": {"type": "Point", "coordinates": [79.133159, 19.92949]}, "properties": {"facility_id": "L100000102402", "facility_type": "coal_power", "facility_name": "Ghugus power station", "country": "India", "status": "operating", "capacity": 660.0, "coordinate_accuracy": "exact"}}, {"type": "Feature", "geometry": {"type": "Point", "coordinates": [73.326656, 16.527161]}, "properties": {"facility_id": "L100000102403", "facility_type": "coal_power", "facility_name": "Girye Ultra Mega Power Project", "country": "India", "status": "cancelled", "capacity": 4000.0, "coordinate_accuracy": "approximate"}}, {"type": "Feature", "geometry": {"type": "Point", "coordinates": [73.051596, 17.979579]}, "properties": {"facility_id": "L100000102404", "facility_type": "coal_power", "facility_name": "Hari Hareshwar power station (Veshvi and Bankot)", "country": "India", "status": "cancelled", "capacity": 1600.0, "coordinate_accuracy": "approximate"}}, {"type": "Feature", "geometry": {"type": "Point", "coordinates": [72.740525, 19.794507]}, "properties": {"facility_id": "L100000102405", "facility_type": "coal_power", "facility_name": "JSW Tarapur power station", "country": "India", "status": "operating", "capacity": 30.0, "coordinate_accuracy": "exact"}}, {"type": "Feature", "geometry": {"type": "Point", "coordinates": [79.116, 21.2818]}, "properties": {"facility_id": "L100000102406", "facility_type": "coal_power", "facility_name": "Khaperkheda power station", "country": "India", "status": "operating", "capacity": 1340.0, "coordinate_accuracy": "exact"}}, {"type": "Feature", "geometry": {"type": "Point", "coordinates": [73.2593624, 18.7707748]}, "properties": {"facility_id": "L100000102407", "facility_type": "coal_power", "facility_name": "Khopoli Works power station", "country": "India", "status": "operating", "capacity": 60.0, "coordinate_accuracy": "exact"}}, {"type": "Feature", "geometry": {"type": "Point", "coordinates": [79.322502, 20.85564]}, "properties": {"facility_id": "L100000102408", "facility_type": "coal_power", "facility_name": "Khursapar power station", "country": "India", "status": "cancelled", "capacity": 1320.0, "coordinate_accuracy": "approximate"}}, {"type": "Feature", "geometry": {"type": "Point", "coordinates": [77.868171, 20.489921]}, "properties": {"facility_id": "L100000102409", "facility_type": "coal_power", "facility_name": "Khutafali (Kolura) power station", "country": "India", "status": "cancelled", "capacity": 1320.0, "coordinate_accuracy": "approximate"}}, {"type": "Feature", "geometry": {"type": "Point", "coordinates": [79.206448, 19.851041]}, "properties": {"facility_id": "L100000102410", "facility_type": "coal_power", "facility_name": "Kinebodi power station", "country": "India", "status": "cancelled", "capacity": 750.0, "coordinate_accuracy": "approximate"}}, {"type": "Feature", "geometry": {"type": "Point", "coordinates": [79.0949659, 21.2420685]}, "properties": {"facility_id": "L100000102411", "facility_type": "coal_power", "facility_name": "Koradi Thermal Power Station", "country": "India", "status": "operating", "capacity": 4340.0, "coordinate_accuracy": "exact"}}, {"type": "Feature", "geometry": {"type": "Point", "coordinates": [76.58, 18.4]}, "properties": {"facility_id": "L100000102412", "facility_type": "coal_power", "facility_name": "Latur power station", "country": "India", "status": "cancelled", "capacity": 1500.0, "coordinate_accuracy": "approximate"}}, {"type": "Feature", "geometry": {"type": "Point", "coordinates": [72.86792, 18.655491]}, "properties": {"facility_id": "L100000102413", "facility_type": "coal_power", "facility_name": "Madhekar power station", "country": "India", "status": "cancelled", "capacity": 405.0, "coordinate_accuracy": "approximate"}}, {"type": "Feature", "geometry": {"type": "Point", "coordinates": [79.174604, 19.721222]}, "properties": {"facility_id": "L100000102414", "facility_type": "coal_power", "facility_name": "Manikgarh Cement power station", "country": "India", "status": "operating", "capacity": 60.0, "coordinate_accuracy": "exact"}}, {"type": "Feature", "geometry": {"type": "Point", "coordinates": [79.396541, 21.18074]}, "properties": {"facility_id": "L100000102415", "facility_type": "coal_power", "facility_name": "Mauda power station", "country": "India", "status": "operating", "capacity": 2320.0, "coordinate_accuracy": "exact"}}, {"type": "Feature", "geometry": {"type": "Point", "coordinates": [79.8, 20.466667]}, "properties": {"facility_id": "L100000102416", "facility_type": "coal_power", "facility_name": "Mendki thermal power project", "country": "India", "status": "cancelled", "capacity": 1320.0, "coordinate_accuracy": "approximate"}}, {"type": "Feature", "geometry": {"type": "Point", "coordinates": [78.9334, 21.0377]}, "properties": {"facility_id": "L100000102417", "facility_type": "coal_power", "facility_name": "MIHAN Power Project", "country": "India", "status": "operating", "capacity": 246.0, "coordinate_accuracy": "exact"}}, {"type": "Feature", "geometry": {"type": "Point", "coordinates": [74.854206, 21.15103]}, "properties": {"facility_id": "L100000102419", "facility_type": "coal_power", "facility_name": "Nardana Vaghode power station", "country": "India", "status": "operating", "capacity": 300.0, "coordinate_accuracy": "exact"}}, {"type": "Feature", "geometry": {"type": "Point", "coordinates": [73.8920556, 19.9814589]}, "properties": {"facility_id": "L100000102420", "facility_type": "coal_power", "facility_name": "Nasik MAHAGENCO Thermal Power Station", "country": "India", "status": "operating", "capacity": 1570.0, "coordinate_accuracy": "exact"}}, {"type": "Feature", "geometry": {"type": "Point", "coordinates": [74.081749, 19.866659]}, "properties": {"facility_id": "L100000102421", "facility_type": "coal_power", "facility_name": "Nasik RattanIndia Thermal Power Project", "country": "India", "status": "operating", "capacity": 2700.0, "coordinate_accuracy": "exact"}}, {"type": "Feature", "geometry": {"type": "Point", "coordinates": [76.7948, 20.7147]}, "properties": {"facility_id": "L100000102422", "facility_type": "coal_power", "facility_name": "Paras power station", "country": "India", "status": "operating", "capacity": 812.5, "coordinate_accuracy": "exact"}}, {"type": "Feature", "geometry": {"type": "Point", "coordinates": [76.435742, 19.267918]}, "properties": {"facility_id": "L100000102423", "facility_type": "coal_power", "facility_name": "Parbhani Renuka power station", "country": "India", "status": "operating", "capacity": 30.0, "coordinate_accuracy": "exact"}}, {"type": "Feature", "geometry": {"type": "Point", "coordinates": [76.5429497, 18.9075857]}, "properties": {"facility_id": "L100000102424", "facility_type": "coal_power", "facility_name": "Parli Thermal Power Station", "country": "India", "status": "operating", "capacity": 1380.0, "coordinate_accuracy": "exact"}}, {"type": "Feature", "geometry": {"type": "Point", "coordinates": [78.884639, 20.829333]}, "properties": {"facility_id": "L100000102425", "facility_type": "coal_power", "facility_name": "Parsodi power station", "country": "India", "status": "cancelled", "capacity": 900.0, "coordinate_accuracy": "exact"}}, {"type": "Feature", "geometry": {"type": "Point", "coordinates": [73.52, 17.53]}, "properties": {"facility_id": "L100000102427", "facility_type": "coal_power", "facility_name": "Rampur coal plant", "country": "India", "status": "cancelled", "capacity": 1000.0, "coordinate_accuracy": "approximate"}}, {"type": "Feature", "geometry": {"type": "Point", "coordinates": [73.213105, 17.296375]}, "properties": {"facility_id": "L100000102428", "facility_type": "coal_power", "facility_name": "Ratnagiri Power Plant", "country": "India", "status": "operating", "capacity": 4400.0, "coordinate_accuracy": "exact"}}, {"type": "Feature", "geometry": {"type": "Point", "coordinates": [72.88, 18.64]}, "properties": {"facility_id": "L100000102429", "facility_type": "coal_power", "facility_name": "Shahpur Thermal Power Project", "country": "India", "status": "cancelled", "capacity": 1200.0, "coordinate_accuracy": "approximate"}}, {"type": "Feature", "geometry": {"type": "Point", "coordinates": [75.9832, 17.551296]}, "properties": {"facility_id": "L100000102431", "facility_type": "coal_power", "facility_name": "Solapur power station", "country": "India", "status": "operating", "capacity": 1320.0, "coordinate_accuracy": "exact"}}, {"type": "Feature", "geometry": {"type": "Point", "coordinates": [79.96731, 21.412502]}, "properties": {"facility_id": "L100000102432", "facility_type": "coal_power", "facility_name": "Tiroda Thermal Power Project", "country": "India", "status": "operating", "capacity": 3300.0, "coordinate_accuracy": "exact"}}, {"type": "Feature", "geometry": {"type": "Point", "coordinates": [72.8979, 19.0027]}, "properties": {"facility_id": "L100000102433", "facility_type": "coal_power", "facility_name": "Trombay power station", "country": "India", "status": "operating", "capacity": 1400.0, "coordinate_accuracy": "exact"}}, {"type": "Feature", "geometry": {"type": "Point", "coordinates": [78.487208, 20.822194]}, "properties": {"facility_id": "L100000102434", "facility_type": "coal_power", "facility_name": "Vidarbha thermal power station", "country": "India", "status": "cancelled", "capacity": 1320.0, "coordinate_accuracy": "exact"}}, {"type": "Feature", "geometry": {"type": "Point", "coordinates": [75.009818, 19.521033]}, "properties": {"facility_id": "L100000102435", "facility_type": "coal_power", "facility_name": "Waral power station", "country": "India", "status": "cancelled", "capacity": 450.0, "coordinate_accuracy": "approximate"}}, {"type": "Feature", "geometry": {"type": "Point", "coordinates": [78.978916, 20.272443]}, "properties": {"facility_id": "L100000102436", "facility_type": "coal_power", "facility_name": "Wardha Warora Power Plant", "country": "India", "status": "operating", "capacity": 840.0, "coordinate_accuracy": "exact"}}, {"type": "Feature", "geometry": {"type": "Point", "coordinates": [78.6281506, 20.7089494]}, "properties": {"facility_id": "L100000102437", "facility_type": "coal_power", "facility_name": "Wardha Works power station", "country": "India", "status": "operating", "capacity": 80.0, "coordinate_accuracy": "exact"}}, {"type": "Feature", "geometry": {"type": "Point", "coordinates": [72.92038, 18.530398]}, "properties": {"facility_id": "L100000102438", "facility_type": "coal_power", "facility_name": "Welspun Maxsteel power station", "country": "India", "status": "cancelled", "capacity": 330.0, "coordinate_accuracy": "approximate"}}, {"type": "Feature", "geometry": {"type": "Point", "coordinates": [90.61682, 25.49546]}, "properties": {"facility_id": "L100000102439", "facility_type": "coal_power", "facility_name": "Garo Hills power station", "country": "India", "status": "cancelled", "capacity": 500.0, "coordinate_accuracy": "approximate"}}, {"type": "Feature", "geometry": {"type": "Point", "coordinates": [91.269847, 25.491579]}, "properties": {"facility_id": "L100000102440", "facility_type": "coal_power", "facility_name": "West Khasi Hills power station", "country": "India", "status": "cancelled", "capacity": 240.0, "coordinate_accuracy": "approximate"}}, {"type": "Feature", "geometry": {"type": "Point", "coordinates": [84.060592, 21.740068]}, "properties": {"facility_id": "L100000102441", "facility_type": "coal_power", "facility_name": "Aditya Aluminium power station", "country": "India", "status": "operating", "capacity": 900.0, "coordinate_accuracy": "exact"}}, {"type": "Feature", "geometry": {"type": "Point", "coordinates": [84.980552, 21.127044]}, "properties": {"facility_id": "L100000102442", "facility_type": "coal_power", "facility_name": "Angul power station", "country": "India", "status": "operating", "capacity": 3320.0, "coordinate_accuracy": "exact"}}, {"type": "Feature", "geometry": {"type": "Point", "coordinates": [85.1902199, 20.8490264]}, "properties": {"facility_id": "L100000102443", "facility_type": "coal_power", "facility_name": "Angul Smelter power station", "country": "India", "status": "operating", "capacity": 2780.0, "coordinate_accuracy": "exact"}}, {"type": "Feature", "geometry": {"type": "Point", "coordinates": [84.99039, 20.892474]}, "properties": {"facility_id": "L100000102444", "facility_type": "coal_power", "facility_name": "Angul Steel power station", "country": "India", "status": "operating", "capacity": 810.0, "coordinate_accuracy": "exact"}}, {"type": "Feature", "geometry": {"type": "Point", "coordinates": [85.296478, 20.826425]}, "properties": {"facility_id": "L100000102445", "facility_type": "coal_power", "facility_name": "Babandh power station", "country": "India", "status": "cancelled", "capacity": 2640.0, "coordinate_accuracy": "exact"}}, {"type": "Feature", "geometry": {"type": "Point", "coordinates": [83.191667, 20.220833]}, "properties": {"facility_id": "L100000102446", "facility_type": "coal_power", "facility_name": "Balangir power station", "country": "India", "status": "cancelled", "capacity": 1320.0, "coordinate_accuracy": "exact"}}, {"type": "Feature", "geometry": {"type": "Point", "coordinates": [82.692032, 20.332072]}, "properties": {"facility_id": "L100000102447", "facility_type": "coal_power", "facility_name": "Baragaon power station", "country": "India", "status": "cancelled", "capacity": 1320.0, "coordinate_accuracy": "approximate"}}, {"type": "Feature", "geometry": {"type": "Point", "coordinates": [85.3830706, 22.1323609]}, "properties": {"facility_id": "L100000102448", "facility_type": "coal_power", "facility_name": "Barbil Jagannath power station", "country": "India", "status": "operating", "capacity": 30.0, "coordinate_accuracy": "exact"}}, {"type": "Feature", "geometry": {"type": "Point", "coordinates": [84.033333, 22.116667]}, "properties": {"facility_id": "L100000102450", "facility_type": "coal_power", "facility_name": "Basundhara power station", "country": "India", "status": "announced", "capacity": 4000.0, "coordinate_accuracy": "approximate"}}, {"type": "Feature", "geometry": {"type": "Point", "coordinates": [85.294762, 20.285546]}, "properties": {"facility_id": "L100000102451", "facility_type": "coal_power", "facility_name": "Bhapur power station", "country": "India", "status": "cancelled", "capacity": 1320.0, "coordinate_accuracy": "approximate"}}, {"type": "Feature", "geometry": {"type": "Point", "coordinates": [85.74492, 20.479398]}, "properties": {"facility_id": "L100000102452", "facility_type": "coal_power", "facility_name": "Bhubaneshwar Jasper power station", "country": "India", "status": "operating", "capacity": 135.0, "coordinate_accuracy": "exact"}}, {"type": "Feature", "geometry": {"type": "Point", "coordinates": [85.28414, 20.71623]}, "properties": {"facility_id": "L100000102453", "facility_type": "coal_power", "facility_name": "Srirampur Coal-to-Liquids Project", "country": "India", "status": "cancelled", "capacity": 1080.0, "coordinate_accuracy": "approximate"}}, {"type": "Feature", "geometry": {"type": "Point", "coordinates": [85.910723, 20.535296]}, "properties": {"facility_id": "L100000102454", "facility_type": "coal_power", "facility_name": "Choudwar power station", "country": "India", "status": "operating", "capacity": 258.0, "coordinate_accuracy": "exact"}}, {"type": "Feature", "geometry": {"type": "Point", "coordinates": [85.742653, 20.587097]}, "properties": {"facility_id": "L100000102455", "facility_type": "coal_power", "facility_name": "Nilanchal power station", "country": "India", "status": "cancelled", "capacity": 3450.0, "coordinate_accuracy": "exact"}}, {"type": "Feature", "geometry": {"type": "Point", "coordinates": [85.76726, 20.515062]}, "properties": {"facility_id": "L100000102456", "facility_type": "coal_power", "facility_name": "Cuttack power station (VISA Power)", "country": "India", "status": "cancelled", "capacity": 1320.0, "coordinate_accuracy": "approximate"}}, {"type": "Feature", "geometry": {"type": "Point", "coordinates": [85.7230978, 20.5159127]}, "properties": {"facility_id": "L100000102457", "facility_type": "coal_power", "facility_name": "Cuttack Works power station", "country": "India", "status": "operating", "capacity": 110.0, "coordinate_accuracy": "exact"}}, {"type": "Feature", "geometry": {"type": "Point", "coordinates": [83.89187, 21.963554]}, "properties": {"facility_id": "L100000102458", "facility_type": "coal_power", "facility_name": "Darlipali power station", "country": "India", "status": "operating", "capacity": 4800.0, "coordinate_accuracy": "exact"}}, {"type": "Feature", "geometry": {"type": "Point", "coordinates": [86.050308, 20.960233]}, "properties": {"facility_id": "L100000102459", "facility_type": "coal_power", "facility_name": "Duburi Steel power station", "country": "India", "status": "operating", "capacity": 250.0, "coordinate_accuracy": "exact"}}, {"type": "Feature", "geometry": {"type": "Point", "coordinates": [84.927014, 20.911369]}, "properties": {"facility_id": "L100000102460", "facility_type": "coal_power", "facility_name": "Durgapur Jindal Synfuels captive power plant", "country": "India", "status": "cancelled", "capacity": 1125.0, "coordinate_accuracy": "approximate"}}, {"type": "Feature", "geometry": {"type": "Point", "coordinates": [84.333, 20.833]}, "properties": {"facility_id": "L100000102461", "facility_type": "coal_power", "facility_name": "Gajamara Ultra Mega Power Project", "country": "India", "status": "cancelled", "capacity": 4000.0, "coordinate_accuracy": "approximate"}}, {"type": "Feature", "geometry": {"type": "Point", "coordinates": [85.604263, 20.65616]}, "properties": {"facility_id": "L100000102462", "facility_type": "coal_power", "facility_name": "Gajmara Super Thermal Power Station", "country": "India", "status": "cancelled", "capacity": 1600.0, "coordinate_accuracy": "approximate"}}, {"type": "Feature", "geometry": {"type": "Point", "coordinates": [85.056358, 19.384291]}, "properties": {"facility_id": "L100000102463", "facility_type": "coal_power", "facility_name": "Ganjam power station", "country": "India", "status": "cancelled", "capacity": 1320.0, "coordinate_accuracy": "approximate"}}, {"type": "Feature", "geometry": {"type": "Point", "coordinates": [83.2, 20.083]}, "properties": {"facility_id": "L100000102464", "facility_type": "coal_power", "facility_name": "Ghogarpalli Ultra Mega Power Project", "country": "India", "status": "cancelled", "capacity": 4000.0, "coordinate_accuracy": "approximate"}}, {"type": "Feature", "geometry": {"type": "Point", "coordinates": [84.016, 22.116]}, "properties": {"facility_id": "L100000102465", "facility_type": "coal_power", "facility_name": "Hemgir power station", "country": "India", "status": "cancelled", "capacity": 1600.0, "coordinate_accuracy": "approximate"}}, {"type": "Feature", "geometry": {"type": "Point", "coordinates": [83.904569, 21.529687]}, "properties": {"facility_id": "L100000102466", "facility_type": "coal_power", "facility_name": "Hirakud Smelter power station", "country": "India", "status": "operating", "capacity": 367.5, "coordinate_accuracy": "exact"}}, {"type": "Feature", "geometry": {"type": "Point", "coordinates": [83.860096, 21.690729]}, "properties": {"facility_id": "L100000102467", "facility_type": "coal_power", "facility_name": "Ib Valley Thermal Power Station", "country": "India", "status": "operating", "capacity": 3060.0, "coordinate_accuracy": "exact"}}, {"type": "Feature", "geometry": {"type": "Point", "coordinates": [85.438597, 20.695833]}, "properties": {"facility_id": "L100000102468", "facility_type": "coal_power", "facility_name": "Jamuchakada power station", "country": "India", "status": "cancelled", "capacity": 1320.0, "coordinate_accuracy": "exact"}}, {"type": "Feature", "geometry": {"type": "Point", "coordinates": [85.079766, 20.705855]}, "properties": {"facility_id": "L100000102469", "facility_type": "coal_power", "facility_name": "Jamunda power station", "country": "India", "status": "cancelled", "capacity": 1320.0, "coordinate_accuracy": "approximate"}}, {"type": "Feature", "geometry": {"type": "Point", "coordinates": [84.054361, 21.787993]}, "properties": {"facility_id": "L100000102470", "facility_type": "coal_power", "facility_name": "Jharsuguda CPP power station", "country": "India", "status": "operating", "capacity": 1215.0, "coordinate_accuracy": "exact"}}, {"type": "Feature", "geometry": {"type": "Point", "coordinates": [83.919513, 21.657942]}, "properties": {"facility_id": "L100000102471", "facility_type": "coal_power", "facility_name": "Jharsuguda Ind-Barath power station", "country": "India", "status": "operating", "capacity": 1360.0, "coordinate_accuracy": "exact"}}, {"type": "Feature", "geometry": {"type": "Point", "coordinates": [84.042036, 21.815743]}, "properties": {"facility_id": "L100000102472", "facility_type": "coal_power", "facility_name": "Jharsuguda Sterlite power station", "country": "India", "status": "operating", "capacity": 2400.0, "coordinate_accuracy": "exact"}}, {"type": "Feature", "geometry": {"type": "Point", "coordinates": [83.876458, 18.852709]}, "properties": {"facility_id": "L100000102473", "facility_type": "coal_power", "facility_name": "JR Power Project", "country": "India", "status": "cancelled", "capacity": 1980.0, "coordinate_accuracy": "approximate"}}, {"type": "Feature", "geometry": {"type": "Point", "coordinates": [86.042365, 20.922672]}, "properties": {"facility_id": "L100000102474", "facility_type": "coal_power", "facility_name": "Kalinganagar Maithan power station", "country": "India", "status": "operating", "capacity": 30.0, "coordinate_accuracy": "exact"}}, {"type": "Feature", "geometry": {"type": "Point", "coordinates": [85.520555, 20.837]}, "properties": {"facility_id": "L100000102475", "facility_type": "coal_power", "facility_name": "Kamakhyanagar power station", "country": "India", "status": "cancelled", "capacity": 2400.0, "coordinate_accuracy": "exact"}}, {"type": "Feature", "geometry": {"type": "Point", "coordinates": [85.266979, 20.870576]}, "properties": {"facility_id": "L100000102476", "facility_type": "coal_power", "facility_name": "Kamalanga power station", "country": "India", "status": "operating", "capacity": 1400.0, "coordinate_accuracy": "exact"}}, {"type": "Feature", "geometry": {"type": "Point", "coordinates": [85.288621, 20.809441]}, "properties": {"facility_id": "L100000102477", "facility_type": "coal_power", "facility_name": "Kharagprasad power station", "country": "India", "status": "operating", "capacity": 94.0, "coordinate_accuracy": "exact"}}, {"type": "Feature", "geometry": {"type": "Point", "coordinates": [85.1, 20.833]}, "properties": {"facility_id": "L100000102478", "facility_type": "coal_power", "facility_name": "Kishore Nagar Coal-to-Liquids Project", "country": "India", "status": "cancelled", "capacity": 1350.0, "coordinate_accuracy": "approximate"}}, {"type": "Feature", "geometry": {"type": "Point", "coordinates": [83.397785, 19.711863]}, "properties": {"facility_id": "L100000102479", "facility_type": "coal_power", "facility_name": "Lanjigarh Refinery power station", "country": "India", "status": "operating", "capacity": 90.0, "coordinate_accuracy": "exact"}}, {"type": "Feature", "geometry": {"type": "Point", "coordinates": [84.99105, 20.922321]}, "properties": {"facility_id": "L100000102480", "facility_type": "coal_power", "facility_name": "Malibrahmani power station", "country": "India", "status": "construction", "capacity": 3310.0, "coordinate_accuracy": "exact"}}, {"type": "Feature", "geometry": {"type": "Point", "coordinates": [85.2531512, 20.8072919]}, "properties": {"facility_id": "L100000102481", "facility_type": "coal_power", "facility_name": "Meramandali power station", "country": "India", "status": "operating", "capacity": 741.0, "coordinate_accuracy": "exact"}}, {"type": "Feature", "geometry": {"type": "Point", "coordinates": [85.604263, 20.65616]}, "properties": {"facility_id": "L100000102482", "facility_type": "coal_power", "facility_name": "NALCO Gajmara power station", "country": "India", "status": "cancelled", "capacity": 2400.0, "coordinate_accuracy": "approximate"}}, {"type": "Feature", "geometry": {"type": "Point", "coordinates": [85.1, 20.833]}, "properties": {"facility_id": "L100000102483", "facility_type": "coal_power", "facility_name": "Nandichod power station", "country": "India", "status": "cancelled", "capacity": 135.0, "coordinate_accuracy": "approximate"}}, {"type": "Feature", "geometry": {"type": "Point", "coordinates": [85.604263, 20.65616]}, "properties": {"facility_id": "L100000102484", "facility_type": "coal_power", "facility_name": "Navabharat power station", "country": "India", "status": "cancelled", "capacity": 2250.0, "coordinate_accuracy": "approximate"}}, {"type": "Feature", "geometry": {"type": "Point", "coordinates": [85.692778, 20.723611]}, "properties": {"facility_id": "L100000102485", "facility_type": "coal_power", "facility_name": "Neulapoi power station (Dhenkanal)", "country": "India", "status": "cancelled", "capacity": 1320.0, "coordinate_accuracy": "exact"}}, {"type": "Feature", "geometry": {"type": "Point", "coordinates": [86.6595466, 20.3122274]}, "properties": {"facility_id": "L100000102486", "facility_type": "coal_power", "facility_name": "Paradip Oswal power station", "country": "India", "status": "operating", "capacity": 110.0, "coordinate_accuracy": "exact"}}, {"type": "Feature", "geometry": {"type": "Point", "coordinates": [86.645829, 20.31221]}, "properties": {"facility_id": "L100000102487", "facility_type": "coal_power", "facility_name": "Paradip power station", "country": "India", "status": "operating", "capacity": 120.0, "coordinate_accuracy": "exact"}}, {"type": "Feature", "geometry": {"type": "Point", "coordinates": [83.895004, 20.848014]}, "properties": {"facility_id": "L100000102488", "facility_type": "coal_power", "facility_name": "Pitamahul power station", "country": "India", "status": "cancelled", "capacity": 1320.0, "coordinate_accuracy": "approximate"}}, {"type": "Feature", "geometry": {"type": "Point", "coordinates": [84.333, 20.667]}, "properties": {"facility_id": "L100000102489", "facility_type": "coal_power", "facility_name": "Rairakhol power station", "country": "India", "status": "cancelled", "capacity": 1320.0, "coordinate_accuracy": "approximate"}}, {"type": "Feature", "geometry": {"type": "Point", "coordinates": [86.454828, 21.067296]}, "properties": {"facility_id": "L100000102490", "facility_type": "coal_power", "facility_name": "Randia power station", "country": "India", "status": "operating", "capacity": 100.0, "coordinate_accuracy": "exact"}}, {"type": "Feature", "geometry": {"type": "Point", "coordinates": [83.41243, 19.246167]}, "properties": {"facility_id": "L100000102491", "facility_type": "coal_power", "facility_name": "Rayagada Paper power station", "country": "India", "status": "operating", "capacity": 55.0, "coordinate_accuracy": "exact"}}, {"type": "Feature", "geometry": {"type": "Point", "coordinates": [84.040505, 21.680814]}, "properties": {"facility_id": "L100000102492", "facility_type": "coal_power", "facility_name": "Rengali Bhushan power station", "country": "India", "status": "operating", "capacity": 360.0, "coordinate_accuracy": "exact"}}, {"type": "Feature", "geometry": {"type": "Point", "coordinates": [84.047073, 21.627661]}, "properties": {"facility_id": "L100000102493", "facility_type": "coal_power", "facility_name": "Rengali power station", "country": "India", "status": "cancelled", "capacity": 2000.0, "coordinate_accuracy": "approximate"}}, {"type": "Feature", "geometry": {"type": "Point", "coordinates": [84.880551, 22.221]}, "properties": {"facility_id": "L100000102494", "facility_type": "coal_power", "facility_name": "Rourkela Works-2 power station", "country": "India", "status": "operating", "capacity": 370.0, "coordinate_accuracy": "exact"}}, {"type": "Feature", "geometry": {"type": "Point", "coordinates": [85.826363, 19.958191]}, "properties": {"facility_id": "L100000102496", "facility_type": "coal_power", "facility_name": "Sakhigopal Ultra Mega Power Project", "country": "India", "status": "cancelled", "capacity": 4000.0, "coordinate_accuracy": "approximate"}}, {"type": "Feature", "geometry": {"type": "Point", "coordinates": [84.0155, 21.8602]}, "properties": {"facility_id": "L100000102497", "facility_type": "coal_power", "facility_name": "Sodamal power station", "country": "India", "status": "cancelled", "capacity": 1320.0, "coordinate_accuracy": "approximate"}}, {"type": "Feature", "geometry": {"type": "Point", "coordinates": [86.545278, 20.474444]}, "properties": {"facility_id": "L100000102498", "facility_type": "coal_power", "facility_name": "Spi Ports power station", "country": "India", "status": "cancelled", "capacity": 1320.0, "coordinate_accuracy": "exact"}}, {"type": "Feature", "geometry": {"type": "Point", "coordinates": [85.05, 19.383]}, "properties": {"facility_id": "L100000102499", "facility_type": "coal_power", "facility_name": "Sri Ramchandrapur power project", "country": "India", "status": "cancelled", "capacity": 120.0, "coordinate_accuracy": "approximate"}}, {"type": "Feature", "geometry": {"type": "Point", "coordinates": [84.032603, 22.040484]}, "properties": {"facility_id": "L100000102500", "facility_type": "coal_power", "facility_name": "Sundargarh Ultra Mega Power Project", "country": "India", "status": "cancelled", "capacity": 4000.0, "coordinate_accuracy": "approximate"}}, {"type": "Feature", "geometry": {"type": "Point", "coordinates": [83.989506, 21.778342]}, "properties": {"facility_id": "L100000102501", "facility_type": "coal_power", "facility_name": "Talabira power station", "country": "India", "status": "construction", "capacity": 3200.0, "coordinate_accuracy": "exact"}}, {"type": "Feature", "geometry": {"type": "Point", "coordinates": [85.0750266, 21.0970667]}, "properties": {"facility_id": "L100000102502", "facility_type": "coal_power", "facility_name": "Talcher Kaniha Super Thermal Power Station", "country": "India", "status": "operating", "capacity": 4600.0, "coordinate_accuracy": "exact"}}, {"type": "Feature", "geometry": {"type": "Point", "coordinates": [85.183333, 20.916667]}, "properties": {"facility_id": "L100000102503", "facility_type": "coal_power", "facility_name": "Talcher power station (NSL Nagapatnam)", "country": "India", "status": "cancelled", "capacity": 1320.0, "coordinate_accuracy": "exact"}}, {"type": "Feature", "geometry": {"type": "Point", "coordinates": [85.2072412, 20.9110615]}, "properties": {"facility_id": "L100000102504", "facility_type": "coal_power", "facility_name": "Talcher power station", "country": "India", "status": "construction", "capacity": 2580.0, "coordinate_accuracy": "exact"}}, {"type": "Feature", "geometry": {"type": "Point", "coordinates": [84.92, 19.27]}, "properties": {"facility_id": "L100000102505", "facility_type": "coal_power", "facility_name": "Tata Begunia power station", "country": "India", "status": "cancelled", "capacity": 2000.0, "coordinate_accuracy": "approximate"}}, {"type": "Feature", "geometry": {"type": "Point", "coordinates": [83.0299313, 19.1954986]}, "properties": {"facility_id": "L100000102506", "facility_type": "coal_power", "facility_name": "Utkal Smelter power station", "country": "India", "status": "operating", "capacity": 90.0, "coordinate_accuracy": "exact"}}, {"type": "Feature", "geometry": {"type": "Point", "coordinates": [79.848676, 10.906007]}, "properties": {"facility_id": "L100000102507", "facility_type": "coal_power", "facility_name": "Karaikal Port power station", "country": "India", "status": "cancelled", "capacity": 1980.0, "coordinate_accuracy": "approximate"}}, {"type": "Feature", "geometry": {"type": "Point", "coordinates": [76.1025, 30.0208]}, "properties": {"facility_id": "L100000102508", "facility_type": "coal_power", "facility_name": "Gidderbaha power station", "country": "India", "status": "cancelled", "capacity": 2640.0, "coordinate_accuracy": "approximate"}}, {"type": "Feature", "geometry": {"type": "Point", "coordinates": [74.924408, 30.233889]}, "properties": {"facility_id": "L100000102509", "facility_type": "coal_power", "facility_name": "GNDTP Bathinda power station", "country": "India", "status": "retired", "capacity": 460.0, "coordinate_accuracy": "exact"}}, {"type": "Feature", "geometry": {"type": "Point", "coordinates": [76.083426, 30.719984]}, "properties": {"facility_id": "L100000102510", "facility_type": "coal_power", "facility_name": "Gobindpura power station", "country": "India", "status": "cancelled", "capacity": 1350.0, "coordinate_accuracy": "approximate"}}, {"type": "Feature", "geometry": {"type": "Point", "coordinates": [75.146503, 31.38414]}, "properties": {"facility_id": "L100000102511", "facility_type": "coal_power", "facility_name": "Goindwal Sahib Thermal Power Plant", "country": "India", "status": "operating", "capacity": 1860.0, "coordinate_accuracy": "exact"}}, {"type": "Feature", "geometry": {"type": "Point", "coordinates": [75.166097, 30.266555]}, "properties": {"facility_id": "L100000102512", "facility_type": "coal_power", "facility_name": "Guru Hargobind Lehra Mohabbat Power Station", "country": "India", "status": "operating", "capacity": 1420.0, "coordinate_accuracy": "exact"}}, {"type": "Feature", "geometry": {"type": "Point", "coordinates": [75.739532, 31.976137]}, "properties": {"facility_id": "L100000102514", "facility_type": "coal_power", "facility_name": "Mukerian power station", "country": "India", "status": "cancelled", "capacity": 1320.0, "coordinate_accuracy": "approximate"}}, {"type": "Feature", "geometry": {"type": "Point", "coordinates": [76.577593, 30.558963]}, "properties": {"facility_id": "L100000102515", "facility_type": "coal_power", "facility_name": "Rajpura Thermal Power Project", "country": "India", "status": "operating", "capacity": 2200.0, "coordinate_accuracy": "exact"}}, {"type": "Feature", "geometry": {"type": "Point", "coordinates": [76.5847, 31.0417]}, "properties": {"facility_id": "L100000102516", "facility_type": "coal_power", "facility_name": "Ropar power station", "country": "India", "status": "operating", "capacity": 4180.0, "coordinate_accuracy": "exact"}}, {"type": "Feature", "geometry": {"type": "Point", "coordinates": [75.238929, 29.92458]}, "properties": {"facility_id": "L100000102518", "facility_type": "coal_power", "facility_name": "Talwandi Sabo Power Project", "country": "India", "status": "operating", "capacity": 2640.0, "coordinate_accuracy": "exact"}}, {"type": "Feature", "geometry": {"type": "Point", "coordinates": [74.385, 26.073889]}, "properties": {"facility_id": "L100000102519", "facility_type": "coal_power", "facility_name": "Ajmer power station", "country": "India", "status": "operating", "capacity": 300.0, "coordinate_accuracy": "exact"}}, {"type": "Feature", "geometry": {"type": "Point", "coordinates": [74.442253, 23.540541]}, "properties": {"facility_id": "L100000102520", "facility_type": "coal_power", "facility_name": "Banswara Thermal Power Station", "country": "India", "status": "cancelled", "capacity": 1320.0, "coordinate_accuracy": "approximate"}}, {"type": "Feature", "geometry": {"type": "Point", "coordinates": [73.199426, 27.845022]}, "properties": {"facility_id": "L100000102521", "facility_type": "coal_power", "facility_name": "Barsingsar Thermal Power Project", "country": "India", "status": "operating", "capacity": 500.0, "coordinate_accuracy": "exact"}}, {"type": "Feature", "geometry": {"type": "Point", "coordinates": [72.717276, 27.849853]}, "properties": {"facility_id": "L100000102522", "facility_type": "coal_power", "facility_name": "Bithnok Thermal Power Project", "country": "India", "status": "announced", "capacity": 250.0, "coordinate_accuracy": "approximate"}}, {"type": "Feature", "geometry": {"type": "Point", "coordinates": [74.668532, 24.963223]}, "properties": {"facility_id": "L100000102523", "facility_type": "coal_power", "facility_name": "Chanderiya Smelter power station", "country": "India", "status": "operating", "capacity": 234.0, "coordinate_accuracy": "exact"}}, {"type": "Feature", "geometry": {"type": "Point", "coordinates": [77.035439, 24.62092]}, "properties": {"facility_id": "L100000102524", "facility_type": "coal_power", "facility_name": "Chhabra Thermal Power Station", "country": "India", "status": "operating", "capacity": 3640.0, "coordinate_accuracy": "exact"}}, {"type": "Feature", "geometry": {"type": "Point", "coordinates": [71.254096, 26.045717]}, "properties": {"facility_id": "L100000102525", "facility_type": "coal_power", "facility_name": "Giral power station", "country": "India", "status": "operating", "capacity": 250.0, "coordinate_accuracy": "exact"}}, {"type": "Feature", "geometry": {"type": "Point", "coordinates": [71.329871, 25.895391]}, "properties": {"facility_id": "L100000102526", "facility_type": "coal_power", "facility_name": "JSW Barmer Jalipa Kapurdi power station", "country": "India", "status": "operating", "capacity": 3240.0, "coordinate_accuracy": "exact"}}, {"type": "Feature", "geometry": {"type": "Point", "coordinates": [76.100353, 24.5325129]}, "properties": {"facility_id": "L100000102527", "facility_type": "coal_power", "facility_name": "Kalisindh Thermal Power Station", "country": "India", "status": "operating", "capacity": 4120.0, "coordinate_accuracy": "exact"}}, {"type": "Feature", "geometry": {"type": "Point", "coordinates": [76.737144, 24.777997]}, "properties": {"facility_id": "L100000102528", "facility_type": "coal_power", "facility_name": "Kawai Thermal Power Project", "country": "India", "status": "operating", "capacity": 6120.0, "coordinate_accuracy": "exact"}}, {"type": "Feature", "geometry": {"type": "Point", "coordinates": [75.883521, 25.128632]}, "properties": {"facility_id": "L100000102529", "facility_type": "coal_power", "facility_name": "Kota Complex power station", "country": "India", "status": "operating", "capacity": 125.0, "coordinate_accuracy": "exact"}}, {"type": "Feature", "geometry": {"type": "Point", "coordinates": [75.816976, 25.171014]}, "properties": {"facility_id": "L100000102530", "facility_type": "coal_power", "facility_name": "Kota power station", "country": "India", "status": "operating", "capacity": 1240.0, "coordinate_accuracy": "exact"}}, {"type": "Feature", "geometry": {"type": "Point", "coordinates": [73.73, 27.2]}, "properties": {"facility_id": "L100000102531", "facility_type": "coal_power", "facility_name": "Nimbri Chandawatan power station", "country": "India", "status": "cancelled", "capacity": 120.0, "coordinate_accuracy": "approximate"}}, {"type": "Feature", "geometry": {"type": "Point", "coordinates": [74.131622, 24.947776]}, "properties": {"facility_id": "L100000102532", "facility_type": "coal_power", "facility_name": "Rajpura Dariba Mine power station", "country": "India", "status": "operating", "capacity": 160.0, "coordinate_accuracy": "exact"}}, {"type": "Feature", "geometry": {"type": "Point", "coordinates": [75.883598, 25.138396]}, "properties": {"facility_id": "L100000102533", "facility_type": "coal_power", "facility_name": "Shriram Rayons power station", "country": "India", "status": "operating", "capacity": 141.0, "coordinate_accuracy": "exact"}}, {"type": "Feature", "geometry": {"type": "Point", "coordinates": [74.018741, 29.181766]}, "properties": {"facility_id": "L100000102534", "facility_type": "coal_power", "facility_name": "Suratgarh Super Thermal Power Station", "country": "India", "status": "operating", "capacity": 4140.0, "coordinate_accuracy": "exact"}}, {"type": "Feature", "geometry": {"type": "Point", "coordinates": [72.8577, 27.8567]}, "properties": {"facility_id": "L100000102535", "facility_type": "coal_power", "facility_name": "VS Lignite Plant", "country": "India", "status": "operating", "capacity": 135.0, "coordinate_accuracy": "exact"}}, {"type": "Feature", "geometry": {"type": "Point", "coordinates": [73.7486207, 24.3497957]}, "properties": {"facility_id": "L100000102536", "facility_type": "coal_power", "facility_name": "Zawar Mines power station", "country": "India", "status": "operating", "capacity": 80.0, "coordinate_accuracy": "exact"}}, {"type": "Feature", "geometry": {"type": "Point", "coordinates": [80.066111, 13.423889]}, "properties": {"facility_id": "L100000102537", "facility_type": "coal_power", "facility_name": "ARS Metals Gummidipoondi captive power station", "country": "India", "status": "operating", "capacity": 545.0, "coordinate_accuracy": "exact"}}, {"type": "Feature", "geometry": {"type": "Point", "coordinates": [78.02, 8.43]}, "properties": {"facility_id": "L100000102538", "facility_type": "coal_power", "facility_name": "Athiyakurichi power station", "country": "India", "status": "cancelled", "capacity": 2640.0, "coordinate_accuracy": "approximate"}}, {"type": "Feature", "geometry": {"type": "Point", "coordinates": [80.066316, 13.423182]}, "properties": {"facility_id": "L100000102539", "facility_type": "coal_power", "facility_name": "Cauvery Power Gummidipoondi captive power station", "country": "India", "status": "operating", "capacity": 423.0, "coordinate_accuracy": "exact"}}, {"type": "Feature", "geometry": {"type": "Point", "coordinates": [80.09788, 13.437422]}, "properties": {"facility_id": "L100000102540", "facility_type": "coal_power", "facility_name": "Chennai power station", "country": "India", "status": "operating", "capacity": 1134.0, "coordinate_accuracy": "exact"}}, {"type": "Feature", "geometry": {"type": "Point", "coordinates": [79.9825, 12.3125]}, "properties": {"facility_id": "L100000102541", "facility_type": "coal_power", "facility_name": "Cheyyur Ultra Mega Power Project", "country": "India", "status": "cancelled", "capacity": 4000.0, "coordinate_accuracy": "exact"}}, {"type": "Feature", "geometry": {"type": "Point", "coordinates": [79.7515009, 11.5215094]}, "properties": {"facility_id": "L100000102542", "facility_type": "coal_power", "facility_name": "Cuddalore IL&FS power station", "country": "India", "status": "operating", "capacity": 3180.0, "coordinate_accuracy": "exact"}}, {"type": "Feature", "geometry": {"type": "Point", "coordinates": [79.75, 11.65]}, "properties": {"facility_id": "L100000102543", "facility_type": "coal_power", "facility_name": "Cuddalore power station", "country": "India", "status": "cancelled", "capacity": 1320.0, "coordinate_accuracy": "approximate"}}, {"type": "Feature", "geometry": {"type": "Point", "coordinates": [79.669444, 11.522222]}, "properties": {"facility_id": "L100000102544", "facility_type": "coal_power", "facility_name": "Cuddalore SRM power station", "country": "India", "status": "cancelled", "capacity": 1980.0, "coordinate_accuracy": "exact"}}, {"type": "Feature", "geometry": {"type": "Point", "coordinates": [80.309722, 13.291667]}, "properties": {"facility_id": "L100000102545", "facility_type": "coal_power", "facility_name": "Ennore SEZ Super Critical Thermal Power Project (Vayalur)", "country": "India", "status": "construction", "capacity": 1320.0, "coordinate_accuracy": "exact"}}, {"type": "Feature", "geometry": {"type": "Point", "coordinates": [80.3112, 13.2016]}, "properties": {"facility_id": "L100000102546", "facility_type": "coal_power", "facility_name": "Ennore Thermal Power Station", "country": "India", "status": "retired", "capacity": 1770.0, "coordinate_accuracy": "exact"}}, {"type": "Feature", "geometry": {"type": "Point", "coordinates": [80.073333, 13.420278]}, "properties": {"facility_id": "L100000102547", "facility_type": "coal_power", "facility_name": "Gummidipoondi Accord power station", "country": "India", "status": "cancelled", "capacity": 360.0, "coordinate_accuracy": "exact"}}, {"type": "Feature", "geometry": {"type": "Point", "coordinates": [80.087457, 13.424018]}, "properties": {"facility_id": "L100000102548", "facility_type": "coal_power", "facility_name": "Gummidipoondi Kamachi power station", "country": "India", "status": "operating", "capacity": 70.0, "coordinate_accuracy": "exact"}}, {"type": "Feature", "geometry": {"type": "Point", "coordinates": [80.107416, 13.384779]}, "properties": {"facility_id": "L100000102549", "facility_type": "coal_power", "facility_name": "Gummidipoondi Suryadev power station", "country": "India", "status": "operating", "capacity": 160.0, "coordinate_accuracy": "exact"}}, {"type": "Feature", "geometry": {"type": "Point", "coordinates": [80.056944, 13.416421]}, "properties": {"facility_id": "L100000102550", "facility_type": "coal_power", "facility_name": "Tulsyan Steel Gummidipoondi captive power station", "country": "India", "status": "operating", "capacity": 70.0, "coordinate_accuracy": "exact"}}, {"type": "Feature", "geometry": {"type": "Point", "coordinates": [78.1445, 8.803]}, "properties": {"facility_id": "L100000102551", "facility_type": "coal_power", "facility_name": "Jaya power station", "country": "India", "status": "cancelled", "capacity": 450.0, "coordinate_accuracy": "approximate"}}, {"type": "Feature", "geometry": {"type": "Point", "coordinates": [79.3667, 11.2167]}, "properties": {"facility_id": "L100000102552", "facility_type": "coal_power", "facility_name": "Jayamkondam power station", "country": "India", "status": "cancelled", "capacity": 500.0, "coordinate_accuracy": "approximate"}}, {"type": "Feature", "geometry": {"type": "Point", "coordinates": [78.472595, 9.227392]}, "properties": {"facility_id": "L100000102553", "facility_type": "coal_power", "facility_name": "Kadaladi power station", "country": "India", "status": "cancelled", "capacity": 4000.0, "coordinate_accuracy": "approximate"}}, {"type": "Feature", "geometry": {"type": "Point", "coordinates": [77.995806, 11.052854]}, "properties": {"facility_id": "L100000102554", "facility_type": "coal_power", "facility_name": "Kagithapuram Mill power station", "country": "India", "status": "operating", "capacity": 40.0, "coordinate_accuracy": "exact"}}, {"type": "Feature", "geometry": {"type": "Point", "coordinates": [79.800278, 10.590833]}, "properties": {"facility_id": "L100000102555", "facility_type": "coal_power", "facility_name": "Karapidagai North power station", "country": "India", "status": "cancelled", "capacity": 150.0, "coordinate_accuracy": "exact"}}, {"type": "Feature", "geometry": {"type": "Point", "coordinates": [80.340732, 13.258618]}, "properties": {"facility_id": "L100000102556", "facility_type": "coal_power", "facility_name": "Kattupalli power station", "country": "India", "status": "cancelled", "capacity": 1320.0, "coordinate_accuracy": "approximate"}}, {"type": "Feature", "geometry": {"type": "Point", "coordinates": [79.941856, 12.19036]}, "properties": {"facility_id": "L100000102557", "facility_type": "coal_power", "facility_name": "Marakkanam Super Thermal Power Project", "country": "India", "status": "cancelled", "capacity": 4000.0, "coordinate_accuracy": "approximate"}}, {"type": "Feature", "geometry": {"type": "Point", "coordinates": [78.1374, 8.9159]}, "properties": {"facility_id": "L100000102558", "facility_type": "coal_power", "facility_name": "Melamaruthur power station (Vainateya)", "country": "India", "status": "cancelled", "capacity": 2640.0, "coordinate_accuracy": "approximate"}}, {"type": "Feature", "geometry": {"type": "Point", "coordinates": [78.316111, 9.1]}, "properties": {"facility_id": "L100000102559", "facility_type": "coal_power", "facility_name": "Melmandai power station", "country": "India", "status": "cancelled", "capacity": 600.0, "coordinate_accuracy": "approximate"}}, {"type": "Feature", "geometry": {"type": "Point", "coordinates": [77.919073, 11.814008]}, "properties": {"facility_id": "L100000102560", "facility_type": "coal_power", "facility_name": "Mettur Siscol power station", "country": "India", "status": "operating", "capacity": 60.0, "coordinate_accuracy": "exact"}}, {"type": "Feature", "geometry": {"type": "Point", "coordinates": [77.8141046, 11.7720201]}, "properties": {"facility_id": "L100000102561", "facility_type": "coal_power", "facility_name": "Mettur Thermal Power Station", "country": "India", "status": "operating", "capacity": 1440.0, "coordinate_accuracy": "exact"}}, {"type": "Feature", "geometry": {"type": "Point", "coordinates": [78.144965, 8.912716]}, "properties": {"facility_id": "L100000102562", "facility_type": "coal_power", "facility_name": "Moxie Power Melamaruthur Thermal Power Plant", "country": "India", "status": "operating", "capacity": 2800.0, "coordinate_accuracy": "exact"}}, {"type": "Feature", "geometry": {"type": "Point", "coordinates": [79.753828, 10.824085]}, "properties": {"facility_id": "L100000102563", "facility_type": "coal_power", "facility_name": "Nagai Nagapattinam Power Project", "country": "India", "status": "operating", "capacity": 300.0, "coordinate_accuracy": "exact"}}, {"type": "Feature", "geometry": {"type": "Point", "coordinates": [79.833, 10.767]}, "properties": {"facility_id": "L100000102564", "facility_type": "coal_power", "facility_name": "Neidavasal power station", "country": "India", "status": "cancelled", "capacity": 1320.0, "coordinate_accuracy": "approximate"}}, {"type": "Feature", "geometry": {"type": "Point", "coordinates": [79.44289, 11.547055]}, "properties": {"facility_id": "L100000102565", "facility_type": "coal_power", "facility_name": "New Neyveli Thermal Power Station", "country": "India", "status": "operating", "capacity": 1000.0, "coordinate_accuracy": "exact"}}, {"type": "Feature", "geometry": {"type": "Point", "coordinates": [79.4738506, 11.5925145]}, "properties": {"facility_id": "L100000102566", "facility_type": "coal_power", "facility_name": "Neyveli Thermal Power Station I", "country": "India", "status": "operating", "capacity": 1020.0, "coordinate_accuracy": "exact"}}, {"type": "Feature", "geometry": {"type": "Point", "coordinates": [79.4415697, 11.5575892]}, "properties": {"facility_id": "L100000102567", "facility_type": "coal_power", "facility_name": "Neyveli Thermal Power Station II", "country": "India", "status": "operating", "capacity": 3290.0, "coordinate_accuracy": "exact"}}, {"type": "Feature", "geometry": {"type": "Point", "coordinates": [79.4159, 11.5401]}, "properties": {"facility_id": "L100000102568", "facility_type": "coal_power", "facility_name": "Neyveli Zero power station", "country": "India", "status": "operating", "capacity": 500.0, "coordinate_accuracy": "exact"}}, {"type": "Feature", "geometry": {"type": "Point", "coordinates": [80.327804, 13.253013]}, "properties": {"facility_id": "L100000102569", "facility_type": "coal_power", "facility_name": "North Chennai Thermal Power Station", "country": "India", "status": "operating", "capacity": 2630.0, "coordinate_accuracy": "exact"}}, {"type": "Feature", "geometry": {"type": "Point", "coordinates": [78.06111, 8.8833]}, "properties": {"facility_id": "L100000102570", "facility_type": "coal_power", "facility_name": "Ottapidaram power station", "country": "India", "status": "cancelled", "capacity": 1320.0, "coordinate_accuracy": "exact"}}, {"type": "Feature", "geometry": {"type": "Point", "coordinates": [77.919073, 11.814008]}, "properties": {"facility_id": "L100000102571", "facility_type": "coal_power", "facility_name": "Salem Siscol power station", "country": "India", "status": "operating", "capacity": 30.0, "coordinate_accuracy": "exact"}}, {"type": "Feature", "geometry": {"type": "Point", "coordinates": [77.93, 8.45]}, "properties": {"facility_id": "L100000102572", "facility_type": "coal_power", "facility_name": "Sattankulam power station", "country": "India", "status": "cancelled", "capacity": 2000.0, "coordinate_accuracy": "approximate"}}, {"type": "Feature", "geometry": {"type": "Point", "coordinates": [77.985642, 8.862239]}, "properties": {"facility_id": "L100000102573", "facility_type": "coal_power", "facility_name": "Savarimangalam power station", "country": "India", "status": "cancelled", "capacity": 2640.0, "coordinate_accuracy": "approximate"}}, {"type": "Feature", "geometry": {"type": "Point", "coordinates": [78.158031, 8.7553106]}, "properties": {"facility_id": "L100000102574", "facility_type": "coal_power", "facility_name": "SEPC Tuticorin power station", "country": "India", "status": "operating", "capacity": 525.0, "coordinate_accuracy": "exact"}}, {"type": "Feature", "geometry": {"type": "Point", "coordinates": [79.73, 11.23]}, "properties": {"facility_id": "L100000102575", "facility_type": "coal_power", "facility_name": "Sirkali power station", "country": "India", "status": "cancelled", "capacity": 4000.0, "coordinate_accuracy": "approximate"}}, {"type": "Feature", "geometry": {"type": "Point", "coordinates": [79.836667, 11.193889]}, "properties": {"facility_id": "L100000102576", "facility_type": "coal_power", "facility_name": "Sirkazhi power station", "country": "India", "status": "cancelled", "capacity": 1320.0, "coordinate_accuracy": "exact"}}, {"type": "Feature", "geometry": {"type": "Point", "coordinates": [79.849444, 11.029167]}, "properties": {"facility_id": "L100000102577", "facility_type": "coal_power", "facility_name": "Talanchankadu power station", "country": "India", "status": "cancelled", "capacity": 1320.0, "coordinate_accuracy": "approximate"}}, {"type": "Feature", "geometry": {"type": "Point", "coordinates": [79.849444, 11.029167]}, "properties": {"facility_id": "L100000102578", "facility_type": "coal_power", "facility_name": "Tharangambadi power station (Patel Power)", "country": "India", "status": "cancelled", "capacity": 1050.0, "coordinate_accuracy": "approximate"}}, {"type": "Feature", "geometry": {"type": "Point", "coordinates": [79.849444, 11.029167]}, "properties": {"facility_id": "L100000102579", "facility_type": "coal_power", "facility_name": "Tharangambadi power station (PPN Power)", "country": "India", "status": "cancelled", "capacity": 320.0, "coordinate_accuracy": "approximate"}}, {"type": "Feature", "geometry": {"type": "Point", "coordinates": [79.842222, 11.061111]}, "properties": {"facility_id": "L100000102580", "facility_type": "coal_power", "facility_name": "Tharangambadi power station", "country": "India", "status": "cancelled", "capacity": 1320.0, "coordinate_accuracy": "exact"}}, {"type": "Feature", "geometry": {"type": "Point", "coordinates": [79.838591, 11.240536]}, "properties": {"facility_id": "L100000102581", "facility_type": "coal_power", "facility_name": "Thirumallaivasal power station", "country": "India", "status": "cancelled", "capacity": 1400.0, "coordinate_accuracy": "approximate"}}, {"type": "Feature", "geometry": {"type": "Point", "coordinates": [78.053583, 8.882745]}, "properties": {"facility_id": "L100000102582", "facility_type": "coal_power", "facility_name": "Thoothukudi IBTPL power station", "country": "India", "status": "mothballed", "capacity": 450.0, "coordinate_accuracy": "exact"}}, {"type": "Feature", "geometry": {"type": "Point", "coordinates": [78.106989, 8.864947]}, "properties": {"facility_id": "L100000102583", "facility_type": "coal_power", "facility_name": "Thoothukudi IBPGL power station", "country": "India", "status": "mothballed", "capacity": 189.0, "coordinate_accuracy": "exact"}}, {"type": "Feature", "geometry": {"type": "Point", "coordinates": [78.171083, 8.760363]}, "properties": {"facility_id": "L100000102584", "facility_type": "coal_power", "facility_name": "Tuticorin NTPL power station", "country": "India", "status": "operating", "capacity": 1000.0, "coordinate_accuracy": "exact"}}, {"type": "Feature", "geometry": {"type": "Point", "coordinates": [77.950861, 8.3959535]}, "properties": {"facility_id": "L100000102585", "facility_type": "coal_power", "facility_name": "Tuticorin power station (Ind-Barath)", "country": "India", "status": "cancelled", "capacity": 1320.0, "coordinate_accuracy": "exact"}}, {"type": "Feature", "geometry": {"type": "Point", "coordinates": [78.0899754, 8.816981]}, "properties": {"facility_id": "L100000102586", "facility_type": "coal_power", "facility_name": "Tuticorin Smelter power station", "country": "India", "status": "mothballed", "capacity": 160.0, "coordinate_accuracy": "exact"}}, {"type": "Feature", "geometry": {"type": "Point", "coordinates": [78.175976, 8.762518]}, "properties": {"facility_id": "L100000102587", "facility_type": "coal_power", "facility_name": "Tuticorin Thermal Power Station", "country": "India", "status": "operating", "capacity": 1050.0, "coordinate_accuracy": "exact"}}, {"type": "Feature", "geometry": {"type": "Point", "coordinates": [78.061111, 8.434722]}, "properties": {"facility_id": "L100000102588", "facility_type": "coal_power", "facility_name": "Udangudi Super Critical Thermal Power Project", "country": "India", "status": "construction", "capacity": 3960.0, "coordinate_accuracy": "exact"}}, {"type": "Feature", "geometry": {"type": "Point", "coordinates": [78.90976, 9.58299]}, "properties": {"facility_id": "L100000102589", "facility_type": "coal_power", "facility_name": "Uppur power station", "country": "India", "status": "construction", "capacity": 1600.0, "coordinate_accuracy": "exact"}}, {"type": "Feature", "geometry": {"type": "Point", "coordinates": [80.301754, 13.237131]}, "properties": {"facility_id": "L100000102590", "facility_type": "coal_power", "facility_name": "Vallur Thermal Power Plant", "country": "India", "status": "operating", "capacity": 1500.0, "coordinate_accuracy": "exact"}}, {"type": "Feature", "geometry": {"type": "Point", "coordinates": [79.530837, 19.159958]}, "properties": {"facility_id": "L100000102591", "facility_type": "coal_power", "facility_name": "Adilibad power station (Shalivahana Power Corp.)", "country": "India", "status": "cancelled", "capacity": 300.0, "coordinate_accuracy": "approximate"}}, {"type": "Feature", "geometry": {"type": "Point", "coordinates": [80.735645, 18.027488]}, "properties": {"facility_id": "L100000102592", "facility_type": "coal_power", "facility_name": "Bhadradri power station", "country": "India", "status": "operating", "capacity": 1080.0, "coordinate_accuracy": "exact"}}, {"type": "Feature", "geometry": {"type": "Point", "coordinates": [79.69445, 16.719583]}, "properties": {"facility_id": "L100000102593", "facility_type": "coal_power", "facility_name": "Ganeshpahad Cement power station", "country": "India", "status": "operating", "capacity": 77.0, "coordinate_accuracy": "exact"}}, {"type": "Feature", "geometry": {"type": "Point", "coordinates": [77.355525, 16.425297]}, "properties": {"facility_id": "L100000102594", "facility_type": "coal_power", "facility_name": "Hindupur power station", "country": "India", "status": "cancelled", "capacity": 1320.0, "coordinate_accuracy": "approximate"}}, {"type": "Feature", "geometry": {"type": "Point", "coordinates": [79.8271644, 18.3831934]}, "properties": {"facility_id": "L100000102595", "facility_type": "coal_power", "facility_name": "Kakatiya Thermal Power Project", "country": "India", "status": "operating", "capacity": 1100.0, "coordinate_accuracy": "exact"}}, {"type": "Feature", "geometry": {"type": "Point", "coordinates": [79.8176, 18.9286]}, "properties": {"facility_id": "L100000102597", "facility_type": "coal_power", "facility_name": "Kotapally power station (SKIL Group)", "country": "India", "status": "cancelled", "capacity": 600.0, "coordinate_accuracy": "approximate"}}, {"type": "Feature", "geometry": {"type": "Point", "coordinates": [80.69355, 17.6219]}, "properties": {"facility_id": "L100000102598", "facility_type": "coal_power", "facility_name": "Kothagudem Thermal Power Station", "country": "India", "status": "operating", "capacity": 2520.0, "coordinate_accuracy": "exact"}}, {"type": "Feature", "geometry": {"type": "Point", "coordinates": [80.848644, 17.87832]}, "properties": {"facility_id": "L100000102599", "facility_type": "coal_power", "facility_name": "HWP Manuguru power station", "country": "India", "status": "operating", "capacity": 90.0, "coordinate_accuracy": "exact"}}, {"type": "Feature", "geometry": {"type": "Point", "coordinates": [80.6727084, 17.5824568]}, "properties": {"facility_id": "L100000102600", "facility_type": "coal_power", "facility_name": "Paloncha power station", "country": "India", "status": "operating", "capacity": 394.0, "coordinate_accuracy": "exact"}}, {"type": "Feature", "geometry": {"type": "Point", "coordinates": [79.570284, 18.827056]}, "properties": {"facility_id": "L100000102601", "facility_type": "coal_power", "facility_name": "Pegadapalli (Jaipur Mandal) power station", "country": "India", "status": "operating", "capacity": 2800.0, "coordinate_accuracy": "exact"}}, {"type": "Feature", "geometry": {"type": "Point", "coordinates": [79.4573172, 18.7584502]}, "properties": {"facility_id": "L100000102602", "facility_type": "coal_power", "facility_name": "Ramagundam power station", "country": "India", "status": "operating", "capacity": 6600.0, "coordinate_accuracy": "exact"}}, {"type": "Feature", "geometry": {"type": "Point", "coordinates": [79.456111, 18.755]}, "properties": {"facility_id": "L100000102603", "facility_type": "coal_power", "facility_name": "Ramagundam-B power station", "country": "India", "status": "retired", "capacity": 862.5, "coordinate_accuracy": "exact"}}, {"type": "Feature", "geometry": {"type": "Point", "coordinates": [80.829475, 17.208012]}, "properties": {"facility_id": "L100000102604", "facility_type": "coal_power", "facility_name": "Sattupally Thermal Power Station", "country": "India", "status": "cancelled", "capacity": 600.0, "coordinate_accuracy": "approximate"}}, {"type": "Feature", "geometry": {"type": "Point", "coordinates": [80.151445, 17.247253]}, "properties": {"facility_id": "L100000102605", "facility_type": "coal_power", "facility_name": "Sigma Infrarop power station (Khamman)", "country": "India", "status": "cancelled", "capacity": 2640.0, "coordinate_accuracy": "approximate"}}, {"type": "Feature", "geometry": {"type": "Point", "coordinates": [80.040774, 16.8300701]}, "properties": {"facility_id": "L100000102606", "facility_type": "coal_power", "facility_name": "Sitapuram Cement power station", "country": "India", "status": "operating", "capacity": 43.0, "coordinate_accuracy": "exact"}}, {"type": "Feature", "geometry": {"type": "Point", "coordinates": [78.357107, 18.85439]}, "properties": {"facility_id": "L100000102607", "facility_type": "coal_power", "facility_name": "VBC Ferro Alloys Bodepalli plant", "country": "India", "status": "cancelled", "capacity": 120.0, "coordinate_accuracy": "approximate"}}, {"type": "Feature", "geometry": {"type": "Point", "coordinates": [79.581184, 16.708219]}, "properties": {"facility_id": "L100000102608", "facility_type": "coal_power", "facility_name": "Yadadri power station", "country": "India", "status": "operating", "capacity": 4000.0, "coordinate_accuracy": "exact"}}, {"type": "Feature", "geometry": {"type": "Point", "coordinates": [80.307383, 26.013576]}, "properties": {"facility_id": "L100000102609", "facility_type": "coal_power", "facility_name": "Amauli Fatehpur power station", "country": "India", "status": "cancelled", "capacity": 1980.0, "coordinate_accuracy": "approximate"}}, {"type": "Feature", "geometry": {"type": "Point", "coordinates": [82.789128, 24.202043]}, "properties": {"facility_id": "L100000102610", "facility_type": "coal_power", "facility_name": "Anpara power station", "country": "India", "status": "operating", "capacity": 1630.0, "coordinate_accuracy": "exact"}}, {"type": "Feature", "geometry": {"type": "Point", "coordinates": [82.79733, 24.203788]}, "properties": {"facility_id": "L100000102611", "facility_type": "coal_power", "facility_name": "Anpara-C power station", "country": "India", "status": "operating", "capacity": 1200.0, "coordinate_accuracy": "exact"}}, {"type": "Feature", "geometry": {"type": "Point", "coordinates": [82.806342, 24.196262]}, "properties": {"facility_id": "L100000102612", "facility_type": "coal_power", "facility_name": "Anpara-D power station", "country": "India", "status": "operating", "capacity": 1000.0, "coordinate_accuracy": "exact"}}, {"type": "Feature", "geometry": {"type": "Point", "coordinates": [79.940278, 26.192778]}, "properties": {"facility_id": "L100000102613", "facility_type": "coal_power", "facility_name": "Anpara-E power station", "country": "India", "status": "cancelled", "capacity": 1320.0, "coordinate_accuracy": "exact"}}, {"type": "Feature", "geometry": {"type": "Point", "coordinates": [79.506462, 26.46401]}, "properties": {"facility_id": "L100000102614", "facility_type": "coal_power", "facility_name": "Auraiya IGCC power station", "country": "India", "status": "cancelled", "capacity": 300.0, "coordinate_accuracy": "approximate"}}, {"type": "Feature", "geometry": {"type": "Point", "coordinates": [79.506462, 26.46401]}, "properties": {"facility_id": "L100000102615", "facility_type": "coal_power", "facility_name": "Auraiya Unitech power station", "country": "India", "status": "cancelled", "capacity": 250.0, "coordinate_accuracy": "approximate"}}, {"type": "Feature", "geometry": {"type": "Point", "coordinates": [81.658534, 25.196345]}, "properties": {"facility_id": "L100000102616", "facility_type": "coal_power", "facility_name": "Bara Thermal Power Project", "country": "India", "status": "operating", "capacity": 3300.0, "coordinate_accuracy": "exact"}}, {"type": "Feature", "geometry": {"type": "Point", "coordinates": [81.2, 26.92]}, "properties": {"facility_id": "L100000102617", "facility_type": "coal_power", "facility_name": "Barabanki power station", "country": "India", "status": "cancelled", "capacity": 250.0, "coordinate_accuracy": "approximate"}}, {"type": "Feature", "geometry": {"type": "Point", "coordinates": [81.444717, 25.135941]}, "properties": {"facility_id": "L100000102618", "facility_type": "coal_power", "facility_name": "Bargarh power station", "country": "India", "status": "cancelled", "capacity": 1980.0, "coordinate_accuracy": "approximate"}}, {"type": "Feature", "geometry": {"type": "Point", "coordinates": [79.8067246, 28.4722812]}, "properties": {"facility_id": "L100000102619", "facility_type": "coal_power", "facility_name": "Barkhera IPP power station", "country": "India", "status": "operating", "capacity": 90.0, "coordinate_accuracy": "exact"}}, {"type": "Feature", "geometry": {"type": "Point", "coordinates": [79.9075, 26.194167]}, "properties": {"facility_id": "L100000102620", "facility_type": "coal_power", "facility_name": "Bhognipur power station", "country": "India", "status": "cancelled", "capacity": 1320.0, "coordinate_accuracy": "exact"}}, {"type": "Feature", "geometry": {"type": "Point", "coordinates": [80.05806, 26.763391]}, "properties": {"facility_id": "L100000102621", "facility_type": "coal_power", "facility_name": "Bilhaur Super Thermal Power Plant", "country": "India", "status": "cancelled", "capacity": 1320.0, "coordinate_accuracy": "approximate"}}, {"type": "Feature", "geometry": {"type": "Point", "coordinates": [82.897339, 25.090885]}, "properties": {"facility_id": "L100000102622", "facility_type": "coal_power", "facility_name": "Chunar Cement power station", "country": "India", "status": "operating", "capacity": 38.0, "coordinate_accuracy": "exact"}}, {"type": "Feature", "geometry": {"type": "Point", "coordinates": [83.101085, 24.639104]}, "properties": {"facility_id": "L100000102623", "facility_type": "coal_power", "facility_name": "Churk captive power station", "country": "India", "status": "operating", "capacity": 240.0, "coordinate_accuracy": "exact"}}, {"type": "Feature", "geometry": {"type": "Point", "coordinates": [83.106079, 23.973705]}, "properties": {"facility_id": "L100000102624", "facility_type": "coal_power", "facility_name": "Dopaha Thermal Power Plant", "country": "India", "status": "cancelled", "capacity": 1980.0, "coordinate_accuracy": "approximate"}}, {"type": "Feature", "geometry": {"type": "Point", "coordinates": [78.75, 27.5]}, "properties": {"facility_id": "L100000102625", "facility_type": "coal_power", "facility_name": "Etah Ultra Mega Power Project", "country": "India", "status": "cancelled", "capacity": 4000.0, "coordinate_accuracy": "approximate"}}, {"type": "Feature", "geometry": {"type": "Point", "coordinates": [81.3272384, 25.9137597]}, "properties": {"facility_id": "L100000102626", "facility_type": "coal_power", "facility_name": "Feroze Gandhi Unchahar Power Station", "country": "India", "status": "operating", "capacity": 1550.0, "coordinate_accuracy": "exact"}}, {"type": "Feature", "geometry": {"type": "Point", "coordinates": [78.67, 27.63]}, "properties": {"facility_id": "L100000102627", "facility_type": "coal_power", "facility_name": "Gayatree power station", "country": "India", "status": "cancelled", "capacity": 1320.0, "coordinate_accuracy": "approximate"}}, {"type": "Feature", "geometry": {"type": "Point", "coordinates": [80.1889, 25.975]}, "properties": {"facility_id": "L100000102628", "facility_type": "coal_power", "facility_name": "Ghatampur power station", "country": "India", "status": "operating", "capacity": 1980.0, "coordinate_accuracy": "exact"}}, {"type": "Feature", "geometry": {"type": "Point", "coordinates": [82.23, 27.03]}, "properties": {"facility_id": "L100000102629", "facility_type": "coal_power", "facility_name": "Gonda power station", "country": "India", "status": "cancelled", "capacity": 500.0, "coordinate_accuracy": "approximate"}}, {"type": "Feature", "geometry": {"type": "Point", "coordinates": [78.13, 28.0175]}, "properties": {"facility_id": "L100000102630", "facility_type": "coal_power", "facility_name": "Harduaganj power station", "country": "India", "status": "operating", "capacity": 1500.0, "coordinate_accuracy": "exact"}}, {"type": "Feature", "geometry": {"type": "Point", "coordinates": [80.533, 26.75]}, "properties": {"facility_id": "L100000102631", "facility_type": "coal_power", "facility_name": "Jagdishpur captive power station", "country": "India", "status": "cancelled", "capacity": 500.0, "coordinate_accuracy": "approximate"}}, {"type": "Feature", "geometry": {"type": "Point", "coordinates": [78.826071, 27.497098]}, "properties": {"facility_id": "L100000102632", "facility_type": "coal_power", "facility_name": "Jawaharpur Thermal Project", "country": "India", "status": "operating", "capacity": 1320.0, "coordinate_accuracy": "exact"}}, {"type": "Feature", "geometry": {"type": "Point", "coordinates": [82.019722, 25.190556]}, "properties": {"facility_id": "L100000102633", "facility_type": "coal_power", "facility_name": "Karchana Thermal Power Project", "country": "India", "status": "cancelled", "capacity": 1980.0, "coordinate_accuracy": "exact"}}, {"type": "Feature", "geometry": {"type": "Point", "coordinates": [81.93, 25.28]}, "properties": {"facility_id": "L100000102634", "facility_type": "coal_power", "facility_name": "Karchana Ultra Mega Power Project", "country": "India", "status": "cancelled", "capacity": 4000.0, "coordinate_accuracy": "approximate"}}, {"type": "Feature", "geometry": {"type": "Point", "coordinates": [80.8306368, 28.0169873]}, "properties": {"facility_id": "L100000102635", "facility_type": "coal_power", "facility_name": "Khamberkhera IPP power station", "country": "India", "status": "operating", "capacity": 90.0, "coordinate_accuracy": "exact"}}, {"type": "Feature", "geometry": {"type": "Point", "coordinates": [77.908333, 28.158333]}, "properties": {"facility_id": "L100000102636", "facility_type": "coal_power", "facility_name": "Khurja power station", "country": "India", "status": "operating", "capacity": 1980.0, "coordinate_accuracy": "exact"}}, {"type": "Feature", "geometry": {"type": "Point", "coordinates": [82.0836037, 27.0788732]}, "properties": {"facility_id": "L100000102637", "facility_type": "coal_power", "facility_name": "Kundarki Ipp power station", "country": "India", "status": "operating", "capacity": 90.0, "coordinate_accuracy": "exact"}}, {"type": "Feature", "geometry": {"type": "Point", "coordinates": [78.646944, 24.795833]}, "properties": {"facility_id": "L100000102638", "facility_type": "coal_power", "facility_name": "Lalitpur power project", "country": "India", "status": "operating", "capacity": 4380.0, "coordinate_accuracy": "exact"}}, {"type": "Feature", "geometry": {"type": "Point", "coordinates": [79.997547, 28.2444045]}, "properties": {"facility_id": "L100000102639", "facility_type": "coal_power", "facility_name": "Maqsoodpur power station", "country": "India", "status": "operating", "capacity": 90.0, "coordinate_accuracy": "exact"}}, {"type": "Feature", "geometry": {"type": "Point", "coordinates": [81.940096, 25.145867]}, "properties": {"facility_id": "L100000102640", "facility_type": "coal_power", "facility_name": "Meja Thermal Power Project", "country": "India", "status": "operating", "capacity": 3720.0, "coordinate_accuracy": "exact"}}, {"type": "Feature", "geometry": {"type": "Point", "coordinates": [81.502182, 25.19967]}, "properties": {"facility_id": "L100000102641", "facility_type": "coal_power", "facility_name": "Murka power station", "country": "India", "status": "cancelled", "capacity": 600.0, "coordinate_accuracy": "approximate"}}, {"type": "Feature", "geometry": {"type": "Point", "coordinates": [77.6078, 28.603]}, "properties": {"facility_id": "L100000102642", "facility_type": "coal_power", "facility_name": "National Capital Dadri Thermal Power Plant", "country": "India", "status": "operating", "capacity": 1940.0, "coordinate_accuracy": "exact"}}, {"type": "Feature", "geometry": {"type": "Point", "coordinates": [82.9803325, 24.4445803]}, "properties": {"facility_id": "L100000102644", "facility_type": "coal_power", "facility_name": "Obra Thermal Power Station", "country": "India", "status": "operating", "capacity": 4452.0, "coordinate_accuracy": "exact"}}, {"type": "Feature", "geometry": {"type": "Point", "coordinates": [80.241, 26.4766]}, "properties": {"facility_id": "L100000102645", "facility_type": "coal_power", "facility_name": "Panki Thermal Power Station", "country": "India", "status": "operating", "capacity": 870.0, "coordinate_accuracy": "exact"}}, {"type": "Feature", "geometry": {"type": "Point", "coordinates": [78.757918, 25.513571]}, "properties": {"facility_id": "L100000102646", "facility_type": "coal_power", "facility_name": "Parichha power station", "country": "India", "status": "operating", "capacity": 1140.0, "coordinate_accuracy": "exact"}}, {"type": "Feature", "geometry": {"type": "Point", "coordinates": [82.791279, 24.181093]}, "properties": {"facility_id": "L100000102648", "facility_type": "coal_power", "facility_name": "Renusagar power station", "country": "India", "status": "operating", "capacity": 725.7, "coordinate_accuracy": "exact"}}, {"type": "Feature", "geometry": {"type": "Point", "coordinates": [82.7915, 24.027]}, "properties": {"facility_id": "L100000102649", "facility_type": "coal_power", "facility_name": "Rihand power station", "country": "India", "status": "operating", "capacity": 3000.0, "coordinate_accuracy": "exact"}}, {"type": "Feature", "geometry": {"type": "Point", "coordinates": [79.9371618, 27.8194455]}, "properties": {"facility_id": "L100000102650", "facility_type": "coal_power", "facility_name": "Rosa Thermal Power Plant", "country": "India", "status": "operating", "capacity": 2520.0, "coordinate_accuracy": "exact"}}, {"type": "Feature", "geometry": {"type": "Point", "coordinates": [80.52, 27.08]}, "properties": {"facility_id": "L100000102651", "facility_type": "coal_power", "facility_name": "Sandila power station", "country": "India", "status": "cancelled", "capacity": 1320.0, "coordinate_accuracy": "approximate"}}, {"type": "Feature", "geometry": {"type": "Point", "coordinates": [82.7063552, 24.1042119]}, "properties": {"facility_id": "L100000102652", "facility_type": "coal_power", "facility_name": "Singrauli Super Thermal Power Station", "country": "India", "status": "operating", "capacity": 3600.0, "coordinate_accuracy": "exact"}}, {"type": "Feature", "geometry": {"type": "Point", "coordinates": [82.601235, 26.5894846]}, "properties": {"facility_id": "L100000102653", "facility_type": "coal_power", "facility_name": "Tanda power station", "country": "India", "status": "operating", "capacity": 1760.0, "coordinate_accuracy": "exact"}}, {"type": "Feature", "geometry": {"type": "Point", "coordinates": [82.3165453, 27.3455145]}, "properties": {"facility_id": "L100000102654", "facility_type": "coal_power", "facility_name": "Utraula power station", "country": "India", "status": "operating", "capacity": 90.0, "coordinate_accuracy": "exact"}}, {"type": "Feature", "geometry": {"type": "Point", "coordinates": [82.562199, 25.136582]}, "properties": {"facility_id": "L100000102655", "facility_type": "coal_power", "facility_name": "Mirzapur power station", "country": "India", "status": "construction", "capacity": 1600.0, "coordinate_accuracy": "approximate"}}, {"type": "Feature", "geometry": {"type": "Point", "coordinates": [83.319183, 25.591721]}, "properties": {"facility_id": "L100000102656", "facility_type": "coal_power", "facility_name": "Welspun Ghazipur project", "country": "India", "status": "cancelled", "capacity": 1320.0, "coordinate_accuracy": "approximate"}}, {"type": "Feature", "geometry": {"type": "Point", "coordinates": [79.521661, 29.062378]}, "properties": {"facility_id": "L100000102657", "facility_type": "coal_power", "facility_name": "Lal Kuan Mill power station", "country": "India", "status": "operating", "capacity": 43.0, "coordinate_accuracy": "exact"}}, {"type": "Feature", "geometry": {"type": "Point", "coordinates": [86.67, 23.5]}, "properties": {"facility_id": "L100000102658", "facility_type": "coal_power", "facility_name": "Adra Purulia power station", "country": "India", "status": "cancelled", "capacity": 1320.0, "coordinate_accuracy": "approximate"}}, {"type": "Feature", "geometry": {"type": "Point", "coordinates": [87.0472446, 23.7845702]}, "properties": {"facility_id": "L100000102659", "facility_type": "coal_power", "facility_name": "Asansol Crescent power station", "country": "India", "status": "operating", "capacity": 40.0, "coordinate_accuracy": "exact"}}, {"type": "Feature", "geometry": {"type": "Point", "coordinates": [86.99, 23.68]}, "properties": {"facility_id": "L100000102660", "facility_type": "coal_power", "facility_name": "Asansol power station", "country": "India", "status": "cancelled", "capacity": 540.0, "coordinate_accuracy": "approximate"}}, {"type": "Feature", "geometry": {"type": "Point", "coordinates": [87.451034, 23.8292205]}, "properties": {"facility_id": "L100000102661", "facility_type": "coal_power", "facility_name": "Bakreswar Thermal Power Station", "country": "India", "status": "operating", "capacity": 1710.0, "coordinate_accuracy": "exact"}}, {"type": "Feature", "geometry": {"type": "Point", "coordinates": [88.456134, 23.126218]}, "properties": {"facility_id": "L100000102662", "facility_type": "coal_power", "facility_name": "Balagarh power station", "country": "India", "status": "cancelled", "capacity": 1980.0, "coordinate_accuracy": "approximate"}}, {"type": "Feature", "geometry": {"type": "Point", "coordinates": [88.403815, 22.995746]}, "properties": {"facility_id": "L100000102663", "facility_type": "coal_power", "facility_name": "Bandel Thermal Power Station", "country": "India", "status": "operating", "capacity": 450.0, "coordinate_accuracy": "exact"}}, {"type": "Feature", "geometry": {"type": "Point", "coordinates": [87.854975, 22.986757]}, "properties": {"facility_id": "L100000102664", "facility_type": "coal_power", "facility_name": "Bhushan Steel West Bengal project", "country": "India", "status": "cancelled", "capacity": 1000.0, "coordinate_accuracy": "approximate"}}, {"type": "Feature", "geometry": {"type": "Point", "coordinates": [88.139949, 22.470344]}, "properties": {"facility_id": "L100000102665", "facility_type": "coal_power", "facility_name": "Budge Budge Generating Station", "country": "India", "status": "operating", "capacity": 750.0, "coordinate_accuracy": "exact"}}, {"type": "Feature", "geometry": {"type": "Point", "coordinates": [87.116954, 23.584293]}, "properties": {"facility_id": "L100000102666", "facility_type": "coal_power", "facility_name": "Burdwan power station", "country": "India", "status": "cancelled", "capacity": 500.0, "coordinate_accuracy": "approximate"}}, {"type": "Feature", "geometry": {"type": "Point", "coordinates": [88.368656, 22.624408]}, "properties": {"facility_id": "L100000102667", "facility_type": "coal_power", "facility_name": "Cossipore power station", "country": "India", "status": "retired", "capacity": 160.0, "coordinate_accuracy": "exact"}}, {"type": "Feature", "geometry": {"type": "Point", "coordinates": [87.249856, 23.531506]}, "properties": {"facility_id": "L100000102668", "facility_type": "coal_power", "facility_name": "Durgapur DVC power station", "country": "India", "status": "pre-permit", "capacity": 1150.0, "coordinate_accuracy": "exact"}}, {"type": "Feature", "geometry": {"type": "Point", "coordinates": [87.302309, 23.521147]}, "properties": {"facility_id": "L100000102669", "facility_type": "coal_power", "facility_name": "Durgapur Projects Limited power station", "country": "India", "status": "operating", "capacity": 1740.0, "coordinate_accuracy": "exact"}}, {"type": "Feature", "geometry": {"type": "Point", "coordinates": [87.248475, 23.551805]}, "properties": {"facility_id": "L100000102671", "facility_type": "coal_power", "facility_name": "Durgapur SAIL power station", "country": "India", "status": "operating", "capacity": 120.0, "coordinate_accuracy": "exact"}}, {"type": "Feature", "geometry": {"type": "Point", "coordinates": [87.2043, 23.58]}, "properties": {"facility_id": "L100000102672", "facility_type": "coal_power", "facility_name": "Durgapur Steel City Andal power station", "country": "India", "status": "operating", "capacity": 1000.0, "coordinate_accuracy": "exact"}}, {"type": "Feature", "geometry": {"type": "Point", "coordinates": [87.893707, 24.772729]}, "properties": {"facility_id": "L100000102673", "facility_type": "coal_power", "facility_name": "Farakka power station", "country": "India", "status": "operating", "capacity": 2100.0, "coordinate_accuracy": "exact"}}, {"type": "Feature", "geometry": {"type": "Point", "coordinates": [88.177345, 22.104017]}, "properties": {"facility_id": "L100000102674", "facility_type": "coal_power", "facility_name": "Haldia Energy power station", "country": "India", "status": "operating", "capacity": 950.0, "coordinate_accuracy": "exact"}}, {"type": "Feature", "geometry": {"type": "Point", "coordinates": [88.13, 23.65]}, "properties": {"facility_id": "L100000102676", "facility_type": "coal_power", "facility_name": "Katwa Super Thermal Power Project (NTPC)", "country": "India", "status": "cancelled", "capacity": 1320.0, "coordinate_accuracy": "approximate"}}, {"type": "Feature", "geometry": {"type": "Point", "coordinates": [87.870984, 22.416565]}, "properties": {"facility_id": "L100000102677", "facility_type": "coal_power", "facility_name": "Kolaghat Thermal Power Station", "country": "India", "status": "operating", "capacity": 1260.0, "coordinate_accuracy": "exact"}}, {"type": "Feature", "geometry": {"type": "Point", "coordinates": [87.854975, 22.986757]}, "properties": {"facility_id": "L100000102678", "facility_type": "coal_power", "facility_name": "Larsen & Tubro power station", "country": "India", "status": "cancelled", "capacity": 3200.0, "coordinate_accuracy": "approximate"}}, {"type": "Feature", "geometry": {"type": "Point", "coordinates": [87.1311, 23.4639]}, "properties": {"facility_id": "L100000102680", "facility_type": "coal_power", "facility_name": "Mejia power station", "country": "India", "status": "operating", "capacity": 2340.0, "coordinate_accuracy": "exact"}}, {"type": "Feature", "geometry": {"type": "Point", "coordinates": [86.660703, 23.62191]}, "properties": {"facility_id": "L100000102681", "facility_type": "coal_power", "facility_name": "Raghunathpur Thermal Power Station", "country": "India", "status": "operating", "capacity": 2520.0, "coordinate_accuracy": "exact"}}, {"type": "Feature", "geometry": {"type": "Point", "coordinates": [86.3667, 23.333]}, "properties": {"facility_id": "L100000102682", "facility_type": "coal_power", "facility_name": "Raibandh power station", "country": "India", "status": "cancelled", "capacity": 540.0, "coordinate_accuracy": "approximate"}}, {"type": "Feature", "geometry": {"type": "Point", "coordinates": [88.06, 22.03]}, "properties": {"facility_id": "L100000102683", "facility_type": "coal_power", "facility_name": "Sagar power station", "country": "India", "status": "cancelled", "capacity": 1980.0, "coordinate_accuracy": "approximate"}}, {"type": "Feature", "geometry": {"type": "Point", "coordinates": [88.1040001, 24.3688141]}, "properties": {"facility_id": "L100000102684", "facility_type": "coal_power", "facility_name": "Sagardighi Thermal Power Station", "country": "India", "status": "operating", "capacity": 2920.0, "coordinate_accuracy": "exact"}}, {"type": "Feature", "geometry": {"type": "Point", "coordinates": [87.32392, 22.641998]}, "properties": {"facility_id": "L100000102685", "facility_type": "coal_power", "facility_name": "Salboni power plant", "country": "India", "status": "permitted", "capacity": 3200.0, "coordinate_accuracy": "approximate"}}, {"type": "Feature", "geometry": {"type": "Point", "coordinates": [86.4666, 23.6013]}, "properties": {"facility_id": "L100000102686", "facility_type": "coal_power", "facility_name": "Santaldih Thermal Power Station", "country": "India", "status": "operating", "capacity": 2580.0, "coordinate_accuracy": "exact"}}, {"type": "Feature", "geometry": {"type": "Point", "coordinates": [88.23, 22.81]}, "properties": {"facility_id": "L100000102687", "facility_type": "coal_power", "facility_name": "Singur power station", "country": "India", "status": "cancelled", "capacity": 1600.0, "coordinate_accuracy": "approximate"}}, {"type": "Feature", "geometry": {"type": "Point", "coordinates": [88.291512, 22.549591]}, "properties": {"facility_id": "L100000102688", "facility_type": "coal_power", "facility_name": "Southern CESC power station", "country": "India", "status": "operating", "capacity": 135.0, "coordinate_accuracy": "exact"}}, {"type": "Feature", "geometry": {"type": "Point", "coordinates": [88.370309, 22.731974]}, "properties": {"facility_id": "L100000102689", "facility_type": "coal_power", "facility_name": "Titagarh power station", "country": "India", "status": "operating", "capacity": 240.0, "coordinate_accuracy": "exact"}}, {"type": "Feature", "geometry": {"type": "Point", "coordinates": [79.842755, 16.760523]}, "properties": {"facility_id": "L100000104378", "facility_type": "coal_power", "facility_name": "Pedaveedu power station", "country": "India", "status": "cancelled", "capacity": 200.0, "coordinate_accuracy": "approximate"}}, {"type": "Feature", "geometry": {"type": "Point", "coordinates": [79.322502, 20.85564]}, "properties": {"facility_id": "L100000104432", "facility_type": "coal_power", "facility_name": "Heoti power station", "country": "India", "status": "cancelled", "capacity": 800.0, "coordinate_accuracy": "approximate"}}, {"type": "Feature", "geometry": {"type": "Point", "coordinates": [88.0982268, 22.0770275]}, "properties": {"facility_id": "L100000104433", "facility_type": "coal_power", "facility_name": "Hiranmaye Haldia power station", "country": "India", "status": "operating", "capacity": 450.0, "coordinate_accuracy": "exact"}}, {"type": "Feature", "geometry": {"type": "Point", "coordinates": [90.361944, 26.440556]}, "properties": {"facility_id": "L100000104750", "facility_type": "coal_power", "facility_name": "Bongaigaon power station (Retired)", "country": "India", "status": "retired", "capacity": 1000.0, "coordinate_accuracy": "exact"}}, {"type": "Feature", "geometry": {"type": "Point", "coordinates": [77.2505, 28.6247]}, "properties": {"facility_id": "L100000104751", "facility_type": "coal_power", "facility_name": "Indraprastha power station", "country": "India", "status": "retired", "capacity": 284.1, "coordinate_accuracy": "exact"}}, {"type": "Feature", "geometry": {"type": "Point", "coordinates": [88.3813, 22.8347]}, "properties": {"facility_id": "L100000104752", "facility_type": "coal_power", "facility_name": "Mulajore power station", "country": "India", "status": "retired", "capacity": 150.0, "coordinate_accuracy": "exact"}}, {"type": "Feature", "geometry": {"type": "Point", "coordinates": [72.933282, 20.537058]}, "properties": {"facility_id": "L100000104755", "facility_type": "coal_power", "facility_name": "Atul power station", "country": "India", "status": "operating", "capacity": 84.0, "coordinate_accuracy": "exact"}}, {"type": "Feature", "geometry": {"type": "Point", "coordinates": [79.051975, 22.429149]}, "properties": {"facility_id": "L100000104761", "facility_type": "coal_power", "facility_name": "MP Adani power station", "country": "India", "status": "permitted", "capacity": 1320.0, "coordinate_accuracy": "approximate"}}, {"type": "Feature", "geometry": {"type": "Point", "coordinates": [72.853913, 21.802883]}, "properties": {"facility_id": "L100000104769", "facility_type": "coal_power", "facility_name": "Bodal captive coal plant", "country": "India", "status": "construction", "capacity": 120.0, "coordinate_accuracy": "exact"}}, {"type": "Feature", "geometry": {"type": "Point", "coordinates": [72.687127, 21.1592]}, "properties": {"facility_id": "L100000104861", "facility_type": "coal_power", "facility_name": "Hazira power station (Reliance)", "country": "India", "status": "operating", "capacity": 360.0, "coordinate_accuracy": "exact"}}, {"type": "Feature", "geometry": {"type": "Point", "coordinates": [87.475582, 24.2386]}, "properties": {"facility_id": "L100000104900", "facility_type": "coal_power", "facility_name": "Ganga captive power station", "country": "India", "status": "cancelled", "capacity": 1320.0, "coordinate_accuracy": "approximate"}}, {"type": "Feature", "geometry": {"type": "Point", "coordinates": [86.562654, 20.225479]}, "properties": {"facility_id": "L100000104954", "facility_type": "coal_power", "facility_name": "JSW Utkal Steel power station", "country": "India", "status": "permitted", "capacity": 900.0, "coordinate_accuracy": "approximate"}}, {"type": "Feature", "geometry": {"type": "Point", "coordinates": [72.690406, 21.710191]}, "properties": {"facility_id": "L100000104976", "facility_type": "coal_power", "facility_name": "GACL-NALCO Dahej Caustic captive power station", "country": "India", "status": "operating", "capacity": 130.0, "coordinate_accuracy": "exact"}}, {"type": "Feature", "geometry": {"type": "Point", "coordinates": [82.08339, 21.67005]}, "properties": {"facility_id": "L100000105017", "facility_type": "coal_power", "facility_name": "Ambuja Cements Limited power station", "country": "India", "status": "operating", "capacity": 33.0, "coordinate_accuracy": "exact"}}, {"type": "Feature", "geometry": {"type": "Point", "coordinates": [79.80908, 16.65655]}, "properties": {"facility_id": "L100000105018", "facility_type": "coal_power", "facility_name": "NU Vista Limited Cement power station", "country": "India", "status": "cancelled", "capacity": 30.0, "coordinate_accuracy": "approximate"}}, {"type": "Feature", "geometry": {"type": "Point", "coordinates": [86.020728, 20.57622]}, "properties": {"facility_id": "L100000105026", "facility_type": "coal_power", "facility_name": "Maadurga Thermal power station", "country": "India", "status": "operating", "capacity": 60.0, "coordinate_accuracy": "exact"}}, {"type": "Feature", "geometry": {"type": "Point", "coordinates": [69.707062, 22.309056]}, "properties": {"facility_id": "L100001000079", "facility_type": "coal_power", "facility_name": "Kajurda power station", "country": "India", "status": "announced", "capacity": 1200.0, "coordinate_accuracy": "approximate"}}, {"type": "Feature", "geometry": {"type": "Point", "coordinates": [82.782678, 24.204564]}, "properties": {"facility_id": "L100001000082", "facility_type": "coal_power", "facility_name": "Anpara-E power station (MUNPL)", "country": "India", "status": "announced", "capacity": 1600.0, "coordinate_accuracy": "approximate"}}, {"type": "Feature", "geometry": {"type": "Point", "coordinates": [79.915132, 16.809733]}, "properties": {"facility_id": "L100001000101", "facility_type": "coal_power", "facility_name": "Mellacheruvu Cement power station", "country": "India", "status": "operating", "capacity": 60.0, "coordinate_accuracy": "exact"}}, {"type": "Feature", "geometry": {"type": "Point", "coordinates": [86.2452, 22.7531]}, "properties": {"facility_id": "L100001000104", "facility_type": "coal_power", "facility_name": "Jojobera Cement Plant power station", "country": "India", "status": "operating", "capacity": 30.0, "coordinate_accuracy": "exact"}}, {"type": "Feature", "geometry": {"type": "Point", "coordinates": [80.857937, 24.594239]}, "properties": {"facility_id": "L100001000105", "facility_type": "coal_power", "facility_name": "Satna Cement Plant power station", "country": "India", "status": "cancelled", "capacity": 35.0, "coordinate_accuracy": "exact"}}, {"type": "Feature", "geometry": {"type": "Point", "coordinates": [79.998611, 16.719444]}, "properties": {"facility_id": "L100001000106", "facility_type": "coal_power", "facility_name": "Vellaturu power station", "country": "India", "status": "permitted", "capacity": 300.0, "coordinate_accuracy": "exact"}}, {"type": "Feature", "geometry": {"type": "Point", "coordinates": [79.817713, 16.714423]}, "properties": {"facility_id": "L100001000108", "facility_type": "coal_power", "facility_name": "Mattapalli Cement Plant power station", "country": "India", "status": "cancelled", "capacity": 30.0, "coordinate_accuracy": "approximate"}}, {"type": "Feature", "geometry": {"type": "Point", "coordinates": [68.5701728, 23.3998083]}, "properties": {"facility_id": "L100001000147", "facility_type": "coal_power", "facility_name": "Sanghipuram Cement power station", "country": "India", "status": "operating", "capacity": 130.0, "coordinate_accuracy": "exact"}}, {"type": "Feature", "geometry": {"type": "Point", "coordinates": [91.920035, 26.192572]}, "properties": {"facility_id": "L100001000153", "facility_type": "coal_power", "facility_name": "Chandrapur (Assam) power station", "country": "India", "status": "retired", "capacity": 60.0, "coordinate_accuracy": "approximate"}}, {"type": "Feature", "geometry": {"type": "Point", "coordinates": [79.228, 30.225]}, "properties": {"facility_id": "L100001000571", "facility_type": "coal_power", "facility_name": "THDCIL-UJVNL Energy power station", "country": "India", "status": "announced", "capacity": 1000.0, "coordinate_accuracy": "approximate"}}, {"type": "Feature", "geometry": {"type": "Point", "coordinates": [84.882222, 21.055833]}, "properties": {"facility_id": "L100001018066", "facility_type": "coal_power", "facility_name": "Naini Coal Mine power station", "country": "India", "status": "announced", "capacity": 2400.0, "coordinate_accuracy": "approximate"}}, {"type": "Feature", "geometry": {"type": "Point", "coordinates": [72.45679, 27.443704]}, "properties": {"facility_id": "L100001020387", "facility_type": "coal_power", "facility_name": "Gurha Thermal Power Station", "country": "India", "status": "announced", "capacity": 125.0, "coordinate_accuracy": "approximate"}}, {"type": "Feature", "geometry": {"type": "Point", "coordinates": [73.318338, 28.026554]}, "properties": {"facility_id": "L100001042985", "facility_type": "coal_power", "facility_name": "Bikaner Thermal Power Project", "country": "India", "status": "announced", "capacity": 375.0, "coordinate_accuracy": "approximate"}}, {"type": "Feature", "geometry": {"type": "Point", "coordinates": [81.829954, 23.144156]}, "properties": {"facility_id": "L100001046328", "facility_type": "coal_power", "facility_name": "Torrent Power Anuppur thermal power station", "country": "India", "status": "permitted", "capacity": 1600.0, "coordinate_accuracy": "approximate"}}, {"type": "Feature", "geometry": {"type": "Point", "coordinates": [82.228647, 25.651055]}, "properties": {"facility_id": "L100001048073", "facility_type": "coal_power", "facility_name": "Jaunpur captive power station", "country": "India", "status": "mothballed", "capacity": 40.0, "coordinate_accuracy": "exact"}}, {"type": "Feature", "geometry": {"type": "Point", "coordinates": [78.163355, 8.761801]}, "properties": {"facility_id": "L100001061539", "facility_type": "coal_power", "facility_name": "Thoothukudi TNPGCL power station", "country": "India", "status": "announced", "capacity": 600.0, "coordinate_accuracy": "approximate"}}, {"type": "Feature", "geometry": {"type": "Point", "coordinates": [90.3041611, 26.2314806]}, "properties": {"facility_id": "L100001080946", "facility_type": "coal_power", "facility_name": "Adani Chapar power station", "country": "India", "status": "pre-permit", "capacity": 3200.0, "coordinate_accuracy": "approximate"}}, {"type": "Feature", "geometry": {"type": "Point", "coordinates": [83.911128, 18.528711]}, "properties": {"facility_id": "L100001083568", "facility_type": "coal_power", "facility_name": "Srikakulam APGenco thermal power station", "country": "India", "status": "announced", "capacity": 3200.0, "coordinate_accuracy": "approximate"}}, {"type": "Feature", "geometry": {"type": "Point", "coordinates": [83.281703, 21.923321]}, "properties": {"facility_id": "L100001083808", "facility_type": "coal_power", "facility_name": "Torrent Power Raigarh thermal power station", "country": "India", "status": "announced", "capacity": 1600.0, "coordinate_accuracy": "approximate"}}, {"type": "Feature", "geometry": {"type": "Point", "coordinates": [73.124929, 21.415659]}, "properties": {"facility_id": "L100001083814", "facility_type": "coal_power", "facility_name": "New Surat Lignite power station", "country": "India", "status": "announced", "capacity": 750.0, "coordinate_accuracy": "approximate"}}]}